estimated_loc,complexity_score,timeline_days,team_size_required,domain_category,technical_risk_level,integration_count,seniority_required,regulatory_compliance,testing_coverage_pct,documentation_level,performance_tier,security_criticality,budget_pressure,maintainability_req,project_type,codebase_age_years,existing_test_coverage_pct,dependency_count,last_refactor_years,incident_rate_monthly,code_duplication_pct,technical_debt_score,documentation_quality,language_modernity,team_familiarity,target_team_label,profit_margin_pct
49783,High,139,9,Infrastructure,High,4,Architect,1,79.8,Standard,Standard,Critical,Tight,Medium,0,0,0.0,0,0,0.0,0.0,Low,Poor,Current,High,Human,20.33
1699,Low,48,1,Infrastructure,Low,2,Junior,0,39.8,Standard,Standard,Critical,Moderate,Low,0,0,0.0,0,0,0.0,0.0,Low,Poor,Current,High,Human,60.37
23641,High,135,8,Security,High,2,Architect,1,64.2,Standard,High,Medium,Flexible,High,0,0,0.0,0,0,0.0,0.0,Low,Poor,Current,High,Human,19.65
1653,Low,7,3,Infrastructure,High,11,Senior,1,89.1,Comprehensive,Real-time,Low,Moderate,High,0,0,0.0,0,0,0.0,0.0,Low,Poor,Current,High,Human,37.5
38148,Medium,129,8,Web,High,10,Architect,0,48.9,Standard,High,Critical,Tight,Medium,1,9,48.7,95,5,7.72,31.5,Medium,Minimal,Dated,High,Human,17.21
177183,High,216,9,Data,Low,7,Mid,0,55.3,Comprehensive,Real-time,Medium,Tight,High,1,6,64.1,47,0,1.82,8.0,Low,Good,Modern,High,Hybrid,35.62
321393,High,214,11,Web,Critical,12,Senior,1,53.2,Minimal,High,High,Tight,Low,1,4,23.5,67,1,20.0,14.2,Medium,Good,Modern,High,Human,16.67
2429,Low,34,1,Web,High,7,Mid,0,81.4,Standard,High,Low,Tight,High,0,0,0.0,0,0,0.0,0.0,Low,Poor,Current,High,Hybrid,55.7
4140,Low,39,1,Infrastructure,Medium,4,Architect,1,57.6,Standard,Standard,High,Moderate,Medium,0,0,0.0,0,0,0.0,0.0,Low,Poor,Current,High,Hybrid,39.79
2549,Low,64,3,Security,High,8,Mid,1,84.8,Comprehensive,Standard,High,Flexible,High,0,0,0.0,0,0,0.0,0.0,Low,Poor,Current,High,Human,34.91
2672,Low,30,2,Infrastructure,High,10,Mid,0,30.3,Comprehensive,Standard,Low,Flexible,High,0,0,0.0,0,0,0.0,0.0,Low,Poor,Current,High,Hybrid,48.27
67763,Medium,102,5,Web,High,7,Junior,1,44.2,Standard,High,Medium,Flexible,Medium,1,20,52.9,80,6,0.64,25.2,High,Minimal,Legacy,High,Human,31.6
69210,Medium,56,7,Web,Medium,5,Junior,0,49.6,Minimal,High,High,Flexible,High,1,17,28.8,148,5,3.52,45.8,Critical,Poor,Modern,Medium,Human,32.67
20322,Medium,92,5,Data,Medium,5,Mid,0,57.0,Minimal,Real-time,High,Tight,High,1,8,40.6,146,4,6.63,27.4,High,Poor,Dated,Medium,Hybrid,28.28
5380,Medium,92,3,Web,Medium,4,Junior,0,51.3,Minimal,Real-time,Medium,Moderate,High,0,0,0.0,0,0,0.0,0.0,Low,Poor,Current,High,Hybrid,51.69
17275,Medium,78,5,Data,Low,2,Senior,0,47.2,Standard,Real-time,High,Flexible,Medium,0,0,0.0,0,0,0.0,0.0,Low,Poor,Current,High,Hybrid,34.79
6440,Medium,72,4,Data,High,5,Senior,1,55.2,Standard,Real-time,Medium,Moderate,High,0,0,0.0,0,0,0.0,0.0,Low,Poor,Current,High,Human,32.51
67494,Medium,139,7,Infrastructure,High,17,Architect,0,43.3,Comprehensive,Real-time,Medium,Flexible,Low,1,5,34.8,124,5,0.54,21.2,Medium,Minimal,Dated,High,Hybrid,13.66
2847,Low,25,1,Mobile,Critical,6,Mid,0,61.8,Standard,High,High,Tight,Medium,0,0,0.0,0,0,0.0,0.0,Low,Poor,Current,High,Human,49.29
127576,High,195,8,Web,High,10,Senior,0,48.6,Minimal,High,High,Moderate,High,1,12,24.0,208,5,1.35,22.1,High,Standard,Modern,Low,Human,18.37
117257,Medium,49,10,Mobile,Medium,9,Mid,0,34.7,Minimal,Real-time,Low,Tight,Medium,1,12,62.3,30,6,2.63,22.6,Medium,Standard,Modern,High,Hybrid,37.46
4690,Medium,105,4,Data,Critical,4,Senior,1,83.3,Standard,Standard,Medium,Flexible,Low,0,0,0.0,0,0,0.0,0.0,Low,Poor,Current,High,Human,31.26
128527,High,203,8,Web,High,10,Senior,1,78.9,Minimal,Real-time,Medium,Tight,Medium,1,15,39.0,244,8,4.11,41.4,High,Minimal,Dated,High,Hybrid,13.01
48957,High,129,5,Security,Low,2,Senior,0,93.6,Minimal,High,High,Flexible,Medium,0,0,0.0,0,0,0.0,0.0,Low,Poor,Current,High,Hybrid,30.05
3624,Medium,74,2,Web,Low,5,Architect,0,49.9,Minimal,Standard,Low,Moderate,Medium,0,0,0.0,0,0,0.0,0.0,Low,Poor,Current,High,Hybrid,40.62
72348,Medium,98,6,Security,High,7,Senior,1,38.7,Comprehensive,High,Medium,Moderate,High,1,8,31.1,68,7,7.74,37.2,High,Poor,Modern,High,Human,17.31
59115,Medium,140,3,Data,High,15,Mid,1,44.1,Minimal,High,High,Tight,High,1,14,76.8,108,7,6.43,34.1,High,Standard,Modern,Medium,Human,33.27
12045,Low,46,2,Web,Low,5,Senior,1,20.4,Standard,Standard,High,Moderate,High,1,11,34.0,372,7,3.06,36.7,High,Poor,Current,Medium,Hybrid,32.42
11306,Medium,104,7,Infrastructure,Medium,6,Mid,0,45.8,Minimal,Real-time,Low,Moderate,Medium,0,0,0.0,0,0,0.0,0.0,Low,Poor,Current,High,Hybrid,45.87
53836,High,186,8,Data,High,5,Architect,1,80.3,Comprehensive,High,Low,Flexible,High,0,0,0.0,0,0,0.0,0.0,Low,Poor,Current,High,Human,12.77
1977,Low,7,2,Security,Medium,3,Junior,1,66.1,Standard,High,High,Flexible,Medium,0,0,0.0,0,0,0.0,0.0,Low,Poor,Current,High,Hybrid,52.45
60214,High,168,7,Security,Medium,3,Senior,1,59.1,Comprehensive,High,Low,Moderate,Medium,0,0,0.0,0,0,0.0,0.0,Low,Poor,Current,High,Human,29.09
180423,High,128,10,Data,High,10,Junior,1,50.1,Minimal,High,Medium,Moderate,Medium,1,12,61.8,42,6,0.02,24.6,Medium,Good,Legacy,Medium,Human,30.08
32644,Medium,138,2,Infrastructure,Critical,12,Mid,1,39.2,Standard,Real-time,Critical,Moderate,Medium,1,12,51.5,65,0,3.14,17.8,Medium,Minimal,Modern,Medium,Human,26.13
5736,Medium,77,2,Mobile,Medium,2,Mid,0,57.8,Standard,Standard,Low,Flexible,High,0,0,0.0,0,0,0.0,0.0,Low,Poor,Current,High,Hybrid,46.53
88281,High,171,11,Web,High,7,Senior,0,36.0,Comprehensive,High,Medium,Tight,High,1,11,8.2,130,3,0.57,35.0,High,Minimal,Modern,High,Hybrid,17.27
40190,High,189,9,Infrastructure,Low,1,Senior,0,70.7,Comprehensive,Standard,Low,Tight,Low,0,0,0.0,0,0,0.0,0.0,Low,Poor,Current,High,Hybrid,36.24
10256,Medium,80,3,Web,Medium,5,Architect,0,48.8,Standard,High,Low,Flexible,Medium,0,0,0.0,0,0,0.0,0.0,Low,Poor,Current,High,Hybrid,31.52
75830,High,166,9,Security,Critical,7,Senior,1,70.5,Comprehensive,High,Medium,Flexible,Low,0,0,0.0,0,0,0.0,0.0,Low,Poor,Current,High,Human,19.31
767,Low,7,3,Data,Low,2,Senior,0,81.2,Standard,High,Medium,Moderate,Low,0,0,0.0,0,0,0.0,0.0,Low,Poor,Current,High,AI,50.47
10761,Medium,81,5,Security,High,2,Architect,0,66.6,Comprehensive,Real-time,Critical,Flexible,Medium,0,0,0.0,0,0,0.0,0.0,Low,Poor,Current,High,Human,20.9
2097,Low,45,2,Data,Low,1,Junior,1,42.4,Standard,Standard,Low,Moderate,Medium,0,0,0.0,0,0,0.0,0.0,Low,Poor,Current,High,Hybrid,60.24
18294,Low,46,2,Mobile,Medium,2,Senior,0,37.3,Standard,High,Medium,Moderate,Medium,1,8,66.6,32,3,0.32,24.2,Medium,Minimal,Modern,High,AI,40.5
32895,High,138,5,Web,High,5,Junior,1,59.4,Minimal,High,High,Tight,Medium,0,0,0.0,0,0,0.0,0.0,Low,Poor,Current,High,Human,46.19
9328,Low,60,6,Mobile,High,9,Architect,1,50.2,Standard,Standard,Medium,Flexible,Low,1,1,52.8,326,0,3.85,9.5,Low,Good,Current,Low,Human,29.69
75062,High,154,5,Infrastructure,Medium,3,Senior,0,65.5,Minimal,Standard,High,Tight,Medium,0,0,0.0,0,0,0.0,0.0,Low,Poor,Current,High,Human,33.03
5773,Low,8,1,Data,Medium,3,Mid,0,85.0,Standard,High,Low,Moderate,High,0,0,0.0,0,0,0.0,0.0,Low,Poor,Current,High,AI,52.35
20028,Medium,74,3,Security,High,2,Mid,1,41.7,Standard,High,Low,Tight,High,0,0,0.0,0,0,0.0,0.0,Low,Poor,Current,High,Human,44.31
816,Low,9,1,Data,Critical,6,Architect,1,31.6,Standard,Standard,High,Moderate,High,0,0,0.0,0,0,0.0,0.0,Low,Poor,Current,High,Human,33.24
343001,High,172,11,Mobile,High,10,Senior,0,64.5,Standard,Standard,Low,Moderate,Medium,1,4,85.0,93,0,0.85,6.6,Low,Minimal,Dated,Medium,Hybrid,25.45
34676,Medium,181,9,Data,Critical,11,Senior,1,29.5,Standard,Standard,Medium,Moderate,Medium,1,18,32.5,53,8,20.0,34.9,High,Minimal,Legacy,Medium,Human,11.58
26694,Medium,131,3,Data,Critical,9,Senior,1,45.0,Standard,Standard,High,Tight,Low,1,13,58.6,131,4,3.09,20.0,Medium,Poor,Dated,Medium,Human,27.49
12551,Low,62,4,Infrastructure,Low,2,Senior,0,31.7,Standard,Standard,High,Tight,High,1,10,53.6,41,4,3.49,31.6,Medium,Poor,Modern,Medium,AI,37.9
42464,High,156,10,Web,High,5,Junior,0,63.0,Standard,Real-time,Medium,Moderate,Medium,0,0,0.0,0,0,0.0,0.0,Low,Poor,Current,High,Hybrid,41.35
44604,Medium,121,6,Web,Critical,12,Architect,1,60.0,Comprehensive,High,Medium,Tight,High,1,9,46.5,116,3,8.36,29.8,High,Minimal,Current,Medium,Human,11.2
61548,Medium,78,7,Web,Medium,6,Senior,0,56.0,Standard,High,High,Tight,Medium,1,23,44.1,115,6,20.0,46.0,Critical,Good,Dated,High,Human,20.12
3977,Low,21,1,Mobile,High,8,Junior,0,67.2,Standard,Real-time,Low,Moderate,Low,0,0,0.0,0,0,0.0,0.0,Low,Poor,Current,High,Hybrid,56.33
2008,Low,51,1,Web,High,6,Junior,0,65.6,Standard,Standard,Low,Flexible,Low,0,0,0.0,0,0,0.0,0.0,Low,Poor,Current,High,AI,61.08
29709,High,129,7,Infrastructure,Critical,9,Senior,0,74.9,Comprehensive,Real-time,Medium,Tight,High,0,0,0.0,0,0,0.0,0.0,Low,Poor,Current,High,Human,25.3
12915,Medium,73,6,Mobile,High,4,Junior,1,56.3,Comprehensive,High,Medium,Tight,Low,0,0,0.0,0,0,0.0,0.0,Low,Poor,Current,High,Human,48.33
9091,Medium,97,5,Data,Medium,4,Senior,1,68.5,Standard,High,Medium,Tight,High,0,0,0.0,0,0,0.0,0.0,Low,Poor,Current,High,Hybrid,35.44
3359,Medium,102,6,Data,Medium,6,Architect,0,77.1,Minimal,High,Critical,Tight,Medium,0,0,0.0,0,0,0.0,0.0,Low,Poor,Current,High,Human,30.21
10471,Low,33,2,Data,High,12,Senior,1,35.5,Minimal,Standard,Critical,Moderate,High,1,16,49.7,129,6,3.06,24.5,Medium,Minimal,Dated,Medium,Human,31.11
390142,High,169,7,Infrastructure,High,15,Mid,0,67.1,Standard,Standard,High,Tight,Medium,1,6,71.8,49,1,1.33,15.1,Low,Standard,Modern,Low,Human,31.81
45352,High,145,9,Web,Low,3,Senior,0,65.2,Minimal,High,Low,Moderate,High,0,0,0.0,0,0,0.0,0.0,Low,Poor,Current,High,Hybrid,35.63
10640,Medium,92,5,Infrastructure,High,3,Senior,1,71.8,Standard,High,High,Tight,Medium,0,0,0.0,0,0,0.0,0.0,Low,Poor,Current,High,Human,34.65
5225,Medium,89,3,Web,High,5,Senior,1,36.0,Standard,High,Medium,Flexible,High,0,0,0.0,0,0,0.0,0.0,Low,Poor,Current,High,Human,33.77
32421,Medium,100,7,Data,Low,6,Mid,0,53.9,Standard,Real-time,High,Moderate,High,1,13,16.7,84,8,2.06,38.3,Critical,Standard,Dated,Unfamiliar,Hybrid,24.34
12110,Medium,81,4,Web,Low,2,Mid,0,54.1,Standard,Standard,Low,Flexible,Low,0,0,0.0,0,0,0.0,0.0,Low,Poor,Current,High,Hybrid,50.14
2058,Low,24,1,Web,Low,0,Architect,0,45.1,Standard,Real-time,Medium,Tight,Low,0,0,0.0,0,0,0.0,0.0,Low,Poor,Current,High,AI,44.41
76123,Medium,118,1,Web,Critical,16,Junior,1,35.2,Comprehensive,High,Critical,Moderate,Medium,1,16,37.6,42,3,15.81,37.1,Critical,Good,Modern,Low,Human,25.09
107969,High,160,11,Security,Low,4,Senior,0,82.8,Standard,Standard,High,Flexible,High,0,0,0.0,0,0,0.0,0.0,Low,Poor,Current,High,Human,26.71
367585,High,137,10,Web,Medium,5,Senior,1,53.6,Standard,Standard,Medium,Moderate,Medium,1,7,62.7,103,2,4.46,26.4,Medium,Minimal,Modern,High,Hybrid,19.16
62807,Medium,72,6,Data,Medium,6,Mid,0,36.9,Minimal,High,High,Flexible,Medium,1,8,46.4,89,0,5.84,25.8,Medium,Standard,Current,High,Hybrid,36.43
7268,Medium,144,5,Infrastructure,High,3,Senior,0,92.6,Standard,Real-time,Medium,Moderate,Low,0,0,0.0,0,0,0.0,0.0,Low,Poor,Current,High,Hybrid,33.68
473230,High,222,4,Data,Medium,7,Senior,0,75.3,Minimal,High,High,Moderate,High,1,13,29.6,112,7,15.76,49.7,Critical,Minimal,Modern,Medium,Human,11.47
151406,High,159,12,Data,High,8,Architect,1,50.4,Minimal,Real-time,High,Moderate,High,1,15,42.0,89,8,4.72,23.2,High,Poor,Current,Medium,Human,4.72
347539,High,186,10,Data,High,13,Architect,1,90.0,Minimal,Real-time,Medium,Flexible,Low,1,5,43.2,42,2,1.04,16.2,Low,Minimal,Current,Medium,Human,13.12
49060,Medium,80,6,Data,High,12,Mid,1,57.4,Standard,High,Low,Flexible,Medium,1,17,41.9,63,6,0.56,41.6,High,Minimal,Dated,Medium,Human,24.6
88333,Medium,114,4,Mobile,High,9,Mid,0,59.4,Standard,Real-time,High,Tight,Low,1,11,23.2,96,7,20.0,52.4,Critical,Minimal,Modern,Low,Human,20.96
85633,Medium,73,5,Security,Low,2,Mid,0,46.5,Standard,High,High,Moderate,Medium,1,15,66.6,99,8,3.08,41.0,Critical,Standard,Dated,Low,Human,30.39
107930,Medium,94,4,Infrastructure,Critical,8,Senior,1,47.1,Standard,Standard,Low,Moderate,Medium,1,17,34.6,185,7,10.85,51.7,Critical,Poor,Legacy,Medium,Human,15.44
329939,High,169,8,Web,High,10,Senior,1,15.4,Standard,High,Medium,Moderate,Medium,1,15,39.8,119,5,1.93,42.3,High,Standard,Dated,Unfamiliar,Human,13.62
1097,Low,28,1,Security,Low,2,Mid,0,61.7,Standard,Standard,Medium,Tight,Medium,0,0,0.0,0,0,0.0,0.0,Low,Poor,Current,High,AI,57.57
219906,High,174,8,Infrastructure,Low,4,Mid,0,30.1,Minimal,Standard,High,Flexible,High,1,19,15.9,176,4,2.49,44.8,Critical,Good,Legacy,Low,Human,21.34
160591,Medium,121,3,Infrastructure,Low,6,Mid,0,65.7,Standard,Real-time,Critical,Tight,Medium,1,9,65.5,89,0,1.01,13.5,Low,Standard,Dated,High,Human,38.67
3256,Low,7,3,Web,High,8,Mid,0,60.5,Minimal,Standard,Low,Tight,High,0,0,0.0,0,0,0.0,0.0,Low,Poor,Current,High,Hybrid,56.67
895,Low,37,1,Data,Medium,3,Mid,0,66.4,Standard,High,High,Moderate,High,0,0,0.0,0,0,0.0,0.0,Low,Poor,Current,High,Hybrid,51.08
37803,High,152,7,Data,High,7,Junior,0,61.8,Standard,Standard,Medium,Moderate,Medium,0,0,0.0,0,0,0.0,0.0,Low,Poor,Current,High,Hybrid,44.29
3401,Low,22,6,Data,Low,5,Mid,1,26.4,Standard,Real-time,Low,Moderate,Low,0,0,0.0,0,0,0.0,0.0,Low,Poor,Current,High,Hybrid,50.76
46702,Medium,70,3,Web,Low,4,Mid,0,34.2,Comprehensive,High,High,Flexible,High,1,17,33.3,186,5,2.73,37.8,High,Standard,Dated,Medium,Human,31.18
1941,Low,21,1,Security,Low,1,Senior,0,51.9,Standard,High,High,Flexible,Low,0,0,0.0,0,0,0.0,0.0,Low,Poor,Current,High,Hybrid,44.97
204908,High,218,10,Mobile,Medium,9,Mid,1,53.4,Comprehensive,High,High,Moderate,High,1,12,59.2,105,0,3.81,30.6,Medium,Good,Legacy,High,Human,20.39
3304,Low,23,1,Web,Medium,2,Senior,0,35.0,Minimal,Real-time,Low,Tight,Medium,0,0,0.0,0,0,0.0,0.0,Low,Poor,Current,High,AI,53.72
25948,High,129,6,Security,High,5,Junior,1,91.1,Comprehensive,High,Medium,Tight,High,0,0,0.0,0,0,0.0,0.0,Low,Poor,Current,High,Human,38.06
36569,High,171,8,Web,Medium,2,Senior,0,75.2,Comprehensive,Standard,Medium,Tight,Low,0,0,0.0,0,0,0.0,0.0,Low,Poor,Current,High,Hybrid,35.37
12789,Medium,81,4,Infrastructure,Low,1,Senior,0,52.3,Comprehensive,Standard,Low,Moderate,Low,0,0,0.0,0,0,0.0,0.0,Low,Poor,Current,High,Hybrid,42.46
1299,Low,39,1,Web,High,7,Mid,0,56.0,Standard,Standard,High,Tight,Medium,0,0,0.0,0,0,0.0,0.0,Low,Poor,Current,High,Human,52.18
7285,Low,28,1,Security,Low,1,Senior,0,58.5,Minimal,Real-time,Critical,Moderate,Low,1,11,63.3,84,5,8.44,1.4,Medium,Good,Dated,Medium,Human,34.5
172350,High,153,11,Web,Critical,16,Senior,1,59.7,Comprehensive,High,High,Flexible,Medium,1,15,15.8,256,6,2.59,45.9,High,Minimal,Legacy,Low,Human,2.0
109620,High,130,7,Web,High,5,Senior,1,86.8,Standard,Standard,High,Moderate,High,0,0,0.0,0,0,0.0,0.0,Low,Poor,Current,High,Hybrid,24.15
24602,Low,36,1,Infrastructure,Low,6,Mid,0,39.7,Comprehensive,Standard,Low,Tight,Medium,1,7,45.4,146,4,0.16,23.9,Medium,Poor,Dated,Low,Hybrid,48.02
18845,Medium,91,3,Security,High,7,Senior,0,74.6,Standard,High,High,Moderate,Medium,0,0,0.0,0,0,0.0,0.0,Low,Poor,Current,High,Human,33.3
5225,Low,27,4,Data,High,10,Architect,1,41.3,Minimal,Standard,High,Tight,High,1,7,56.5,104,1,2.66,21.2,Medium,Minimal,Dated,High,Human,27.43
51509,Medium,133,4,Infrastructure,Low,3,Junior,0,43.9,Standard,High,Low,Flexible,Medium,1,14,61.0,99,6,7.45,24.1,High,Poor,Dated,High,Hybrid,42.37
7998,Medium,86,2,Data,Medium,4,Mid,0,60.8,Standard,High,High,Tight,Medium,0,0,0.0,0,0,0.0,0.0,Low,Poor,Current,High,Hybrid,47.8
24666,Medium,81,3,Security,Low,4,Junior,1,56.6,Standard,Standard,Medium,Flexible,High,0,0,0.0,0,0,0.0,0.0,Low,Poor,Current,High,Hybrid,49.79
13210,High,88,9,Mobile,Low,1,Mid,0,70.5,Standard,Standard,High,Flexible,Medium,0,0,0.0,0,0,0.0,0.0,Low,Poor,Current,High,Hybrid,35.33
14657,Medium,95,5,Mobile,High,8,Mid,0,80.0,Standard,High,Medium,Tight,Medium,0,0,0.0,0,0,0.0,0.0,Low,Poor,Current,High,Hybrid,44.89
305774,High,183,8,Infrastructure,High,10,Mid,0,54.5,Standard,High,Medium,Tight,Low,1,13,37.0,66,4,2.34,17.3,Medium,Minimal,Dated,Unfamiliar,Hybrid,25.27
142144,High,116,7,Infrastructure,High,7,Senior,1,41.9,Standard,High,High,Moderate,Low,1,21,25.6,67,6,4.08,57.0,Critical,Standard,Legacy,Unfamiliar,Human,5.51
5838,Low,34,3,Security,High,3,Senior,1,98.0,Standard,Standard,Medium,Tight,Low,0,0,0.0,0,0,0.0,0.0,Low,Poor,Current,High,Human,44.8
174298,High,182,9,Security,High,8,Mid,1,18.2,Comprehensive,High,Critical,Tight,Medium,1,16,36.6,112,5,20.0,33.8,High,Poor,Modern,Medium,Human,11.41
244333,High,107,5,Data,High,9,Mid,0,70.4,Standard,Standard,High,Flexible,Medium,1,16,35.6,84,6,9.07,53.7,Critical,Minimal,Legacy,Medium,Human,16.37
65755,High,148,8,Mobile,Critical,12,Mid,1,62.8,Minimal,Standard,Medium,Tight,Medium,0,0,0.0,0,0,0.0,0.0,Low,Poor,Current,High,Human,36.67
60818,High,169,10,Web,Low,1,Architect,0,49.5,Standard,Real-time,Medium,Flexible,High,1,9,44.3,161,4,6.52,42.9,High,Poor,Current,Medium,Human,6.77
555,Low,21,2,Mobile,High,3,Architect,1,67.0,Standard,Real-time,Medium,Tight,Medium,0,0,0.0,0,0,0.0,0.0,Low,Poor,Current,High,Human,36.52
1051,Low,29,2,Web,Critical,3,Junior,0,37.7,Minimal,Standard,Medium,Flexible,Medium,0,0,0.0,0,0,0.0,0.0,Low,Poor,Current,High,Human,57.16
1198,Low,28,2,Web,Low,7,Architect,0,61.1,Comprehensive,Real-time,Medium,Flexible,High,0,0,0.0,0,0,0.0,0.0,Low,Poor,Current,High,AI,30.63
2010,Low,21,2,Security,Low,3,Junior,0,29.3,Minimal,Real-time,Low,Flexible,Low,0,0,0.0,0,0,0.0,0.0,Low,Poor,Current,High,Hybrid,60.67
116459,High,168,9,Data,Medium,6,Senior,1,61.3,Minimal,Real-time,Medium,Moderate,Low,1,13,46.2,33,11,10.84,30.1,High,Standard,Modern,Low,Human,12.31
311716,High,125,6,Infrastructure,High,10,Mid,1,45.4,Comprehensive,Real-time,Low,Moderate,High,1,7,39.1,24,3,15.84,33.0,Medium,Standard,Dated,Low,Human,17.2
1212,Low,22,1,Mobile,Low,4,Senior,1,44.3,Standard,Standard,Low,Tight,High,0,0,0.0,0,0,0.0,0.0,Low,Poor,Current,High,AI,50.04
28114,High,156,8,Security,High,7,Senior,1,54.6,Comprehensive,High,Medium,Tight,Medium,0,0,0.0,0,0,0.0,0.0,Low,Poor,Current,High,Human,25.2
174854,High,166,8,Mobile,Critical,14,Senior,1,61.1,Standard,Real-time,Low,Flexible,High,1,10,78.0,68,6,11.07,37.3,High,Minimal,Modern,High,Human,8.69
12499,Medium,89,6,Data,Medium,7,Mid,0,72.6,Standard,Standard,Medium,Moderate,Low,0,0,0.0,0,0,0.0,0.0,Low,Poor,Current,High,Hybrid,45.65
1756,Low,42,1,Web,Low,2,Mid,0,79.7,Minimal,Standard,Medium,Flexible,High,0,0,0.0,0,0,0.0,0.0,Low,Poor,Current,High,AI,55.19
3297,Low,7,1,Infrastructure,Medium,4,Mid,0,34.7,Standard,High,Critical,Tight,High,0,0,0.0,0,0,0.0,0.0,Low,Poor,Current,High,Human,51.41
18692,Medium,99,6,Web,Critical,10,Senior,0,85.6,Standard,Standard,Low,Flexible,High,0,0,0.0,0,0,0.0,0.0,Low,Poor,Current,High,Human,29.89
1071,Low,52,1,Infrastructure,Critical,4,Junior,0,89.9,Standard,High,Low,Moderate,High,0,0,0.0,0,0,0.0,0.0,Low,Poor,Current,High,Human,57.48
912,Low,7,2,Infrastructure,High,5,Senior,0,39.0,Comprehensive,Real-time,Medium,Flexible,Medium,0,0,0.0,0,0,0.0,0.0,Low,Poor,Current,High,Hybrid,37.44
266506,High,191,7,Web,Critical,10,Senior,1,81.8,Comprehensive,Real-time,Medium,Moderate,High,1,14,43.5,37,8,5.57,35.5,High,Good,Modern,Medium,Human,6.52
286635,High,133,8,Infrastructure,High,10,Architect,1,43.3,Minimal,High,Medium,Tight,High,1,19,30.1,201,10,6.33,58.4,Critical,Minimal,Modern,High,Human,9.62
12891,Low,56,4,Infrastructure,Critical,9,Mid,0,51.4,Standard,Real-time,Critical,Flexible,High,1,1,58.0,35,1,8.73,9.8,Low,Minimal,Modern,High,Human,33.04
1487,Low,28,3,Data,Medium,5,Architect,1,66.9,Standard,Real-time,Low,Flexible,High,0,0,0.0,0,0,0.0,0.0,Low,Poor,Current,High,AI,29.17
21101,High,124,9,Data,Low,1,Senior,1,78.4,Standard,Real-time,High,Flexible,Low,0,0,0.0,0,0,0.0,0.0,Low,Poor,Current,High,Hybrid,28.05
30787,High,146,6,Security,Low,0,Junior,0,86.2,Comprehensive,Standard,High,Flexible,Medium,0,0,0.0,0,0,0.0,0.0,Low,Poor,Current,High,Hybrid,44.24
7445,Low,42,5,Web,Low,5,Junior,0,68.3,Minimal,Real-time,Critical,Tight,Medium,1,6,46.1,84,4,4.7,19.5,Medium,Minimal,Legacy,Medium,Human,47.93
1928,Low,24,1,Security,Critical,9,Senior,0,55.1,Standard,Standard,Medium,Tight,Medium,0,0,0.0,0,0,0.0,0.0,Low,Poor,Current,High,Human,49.1
53493,Medium,100,6,Infrastructure,High,4,Senior,0,53.9,Comprehensive,Standard,Low,Flexible,Medium,1,21,31.6,97,5,15.42,44.3,Critical,Minimal,Legacy,Medium,Human,12.55
102625,Medium,93,7,Infrastructure,High,9,Mid,1,49.3,Standard,Real-time,Low,Flexible,High,1,17,29.1,80,4,5.72,24.3,High,Good,Modern,Low,Human,21.89
13599,Medium,100,2,Data,High,8,Senior,1,89.1,Minimal,Standard,Medium,Flexible,Medium,0,0,0.0,0,0,0.0,0.0,Low,Poor,Current,High,Human,39.1
25173,Medium,99,7,Web,Low,0,Mid,0,66.2,Standard,High,Medium,Moderate,Low,0,0,0.0,0,0,0.0,0.0,Low,Poor,Current,High,Hybrid,44.78
56415,High,178,7,Data,Medium,4,Mid,0,94.8,Minimal,Standard,High,Moderate,Medium,0,0,0.0,0,0,0.0,0.0,Low,Poor,Current,High,Hybrid,39.0
17864,Medium,81,4,Infrastructure,Medium,5,Mid,0,86.7,Minimal,Standard,Medium,Tight,Medium,0,0,0.0,0,0,0.0,0.0,Low,Poor,Current,High,Hybrid,47.73
9502,Medium,84,3,Security,Low,1,Senior,1,58.4,Standard,High,Critical,Moderate,High,0,0,0.0,0,0,0.0,0.0,Low,Poor,Current,High,Human,33.26
22227,Medium,85,6,Security,Medium,3,Junior,1,61.4,Standard,High,Medium,Flexible,High,0,0,0.0,0,0,0.0,0.0,Low,Poor,Current,High,Hybrid,41.98
47596,Medium,87,9,Infrastructure,Medium,6,Senior,0,62.4,Minimal,Real-time,Critical,Moderate,Low,1,11,61.6,108,3,1.7,24.7,High,Standard,Current,High,Human,28.77
44853,Medium,94,6,Infrastructure,High,7,Senior,0,54.4,Standard,High,Critical,Tight,Low,1,10,31.7,72,1,9.26,8.9,Medium,Good,Dated,Medium,Human,24.59
59372,High,133,4,Data,Medium,6,Mid,0,98.0,Comprehensive,Standard,Low,Flexible,Medium,0,0,0.0,0,0,0.0,0.0,Low,Poor,Current,High,Hybrid,36.24
5699,Medium,104,5,Data,Critical,8,Mid,1,63.2,Standard,High,Critical,Tight,Low,0,0,0.0,0,0,0.0,0.0,Low,Poor,Current,High,Human,40.91
856,Low,25,1,Data,Critical,12,Architect,1,52.4,Comprehensive,Real-time,Medium,Tight,Medium,0,0,0.0,0,0,0.0,0.0,Low,Poor,Current,High,Human,31.92
85330,Medium,75,5,Security,Low,8,Mid,1,55.9,Standard,High,Medium,Tight,High,1,18,5.0,327,7,0.66,49.5,Critical,Minimal,Legacy,High,Human,29.97
12721,Medium,93,6,Web,High,5,Senior,1,91.5,Minimal,Real-time,High,Flexible,Medium,0,0,0.0,0,0,0.0,0.0,Low,Poor,Current,High,Human,24.35
9634,Medium,60,7,Data,High,8,Mid,1,97.0,Comprehensive,High,High,Tight,Medium,0,0,0.0,0,0,0.0,0.0,Low,Poor,Current,High,Human,34.82
500000,High,143,10,Infrastructure,High,13,Mid,0,73.6,Standard,High,High,Tight,High,1,10,56.3,218,8,3.48,18.2,Medium,Minimal,Modern,Low,Human,22.7
500000,High,180,10,Data,Medium,7,Mid,1,42.5,Minimal,Real-time,High,Moderate,High,1,20,5.0,96,7,11.55,30.4,Critical,Standard,Modern,Medium,Human,15.11
638,Low,45,3,Security,High,7,Senior,1,75.0,Minimal,Standard,High,Tight,Low,0,0,0.0,0,0,0.0,0.0,Low,Poor,Current,High,Human,40.02
11835,Low,52,1,Web,Medium,12,Senior,0,56.7,Standard,Real-time,High,Moderate,High,1,12,52.9,137,5,4.14,41.0,High,Good,Dated,High,Hybrid,28.58
35533,High,179,9,Data,Medium,1,Senior,0,73.5,Comprehensive,High,High,Flexible,Low,0,0,0.0,0,0,0.0,0.0,Low,Poor,Current,High,Hybrid,27.09
500000,High,151,12,Data,Medium,5,Mid,0,31.4,Standard,High,Medium,Flexible,Medium,1,6,32.4,104,1,3.69,2.9,Low,Poor,Current,High,Hybrid,31.15
8077,Low,35,4,Data,Critical,15,Senior,1,25.6,Standard,Real-time,Critical,Flexible,Medium,1,1,56.3,195,4,8.57,2.8,Low,Good,Current,High,Hybrid,25.02
187926,High,138,11,Security,High,11,Senior,1,18.7,Standard,Real-time,Medium,Tight,Medium,1,10,50.0,42,6,7.8,14.2,Medium,Standard,Dated,High,Human,17.53
48518,High,160,8,Web,Medium,7,Mid,0,98.0,Standard,High,High,Tight,High,0,0,0.0,0,0,0.0,0.0,Low,Poor,Current,High,Hybrid,35.63
28499,Low,39,1,Infrastructure,High,12,Junior,1,59.5,Standard,Standard,Medium,Tight,High,1,10,50.7,224,6,13.28,26.0,High,Poor,Modern,Low,Human,38.86
285974,High,192,11,Mobile,Medium,10,Mid,0,41.2,Standard,Standard,High,Flexible,High,1,10,67.7,73,5,1.3,35.3,Medium,Standard,Dated,Medium,Hybrid,20.34
57574,Medium,106,5,Data,Medium,8,Senior,1,43.8,Standard,High,Critical,Flexible,Medium,1,8,55.7,29,0,2.42,1.3,Low,Good,Dated,High,Human,28.67
193221,Medium,117,2,Mobile,High,9,Architect,0,5.0,Standard,High,High,Flexible,High,1,8,61.9,66,2,2.94,34.1,Medium,Good,Modern,Low,Human,18.14
5795,Medium,80,3,Security,Medium,7,Senior,0,66.7,Standard,Real-time,Low,Moderate,High,0,0,0.0,0,0,0.0,0.0,Low,Poor,Current,High,Hybrid,37.92
112617,Medium,99,4,Security,High,10,Junior,1,29.7,Comprehensive,Standard,Medium,Moderate,Medium,1,17,8.6,421,8,20.0,60.0,Critical,Poor,Modern,Medium,Human,23.65
27610,Medium,90,7,Data,Medium,1,Senior,1,50.9,Minimal,High,Low,Moderate,High,0,0,0.0,0,0,0.0,0.0,Low,Poor,Current,High,Hybrid,35.56
188397,High,181,7,Web,Medium,4,Mid,0,18.4,Standard,Standard,High,Flexible,High,1,12,55.3,77,6,14.98,33.3,High,Poor,Modern,High,Human,19.02
7076,Medium,96,4,Security,Medium,3,Architect,1,67.8,Comprehensive,Standard,Low,Moderate,High,0,0,0.0,0,0,0.0,0.0,Low,Poor,Current,High,Hybrid,29.26
500000,High,214,8,Infrastructure,High,8,Mid,1,65.3,Minimal,Real-time,Critical,Moderate,High,1,7,85.0,20,0,0.8,10.9,Low,Standard,Legacy,Low,Human,22.79
80101,High,177,6,Web,Medium,6,Senior,1,78.2,Minimal,Standard,High,Flexible,Medium,0,0,0.0,0,0,0.0,0.0,Low,Poor,Current,High,Human,27.99
1809,Low,28,3,Infrastructure,Medium,0,Junior,0,49.1,Standard,Real-time,High,Moderate,High,0,0,0.0,0,0,0.0,0.0,Low,Poor,Current,High,Hybrid,56.21
277918,High,170,7,Infrastructure,Low,11,Mid,0,55.6,Comprehensive,High,Medium,Moderate,High,1,4,85.0,20,0,0.03,12.3,Low,Standard,Dated,Unfamiliar,Hybrid,27.74
3309,Low,18,2,Security,High,8,Mid,1,55.8,Minimal,Standard,Critical,Tight,Medium,0,0,0.0,0,0,0.0,0.0,Low,Poor,Current,High,Human,48.85
121258,High,180,6,Infrastructure,Medium,9,Senior,0,53.7,Standard,Real-time,High,Tight,High,1,21,44.3,499,7,0.41,56.5,Critical,Minimal,Modern,Low,Human,14.89
6688,Medium,103,6,Web,Medium,5,Junior,0,72.8,Standard,High,High,Flexible,Medium,0,0,0.0,0,0,0.0,0.0,Low,Poor,Current,High,Hybrid,45.8
58981,High,157,5,Infrastructure,Medium,0,Mid,0,71.6,Comprehensive,High,Low,Flexible,Medium,0,0,0.0,0,0,0.0,0.0,Low,Poor,Current,High,AI,35.05
38103,High,172,5,Web,Medium,2,Senior,0,75.6,Standard,Standard,Medium,Moderate,High,0,0,0.0,0,0,0.0,0.0,Low,Poor,Current,High,Hybrid,30.15
47312,Medium,134,5,Mobile,Critical,16,Senior,0,68.8,Standard,Real-time,High,Tight,High,1,9,66.6,94,2,0.76,27.3,Medium,Standard,Modern,Medium,Human,22.51
2525,Low,7,3,Security,Medium,6,Junior,1,46.1,Standard,High,Low,Flexible,Medium,0,0,0.0,0,0,0.0,0.0,Low,Poor,Current,High,AI,54.66
51212,Medium,44,6,Web,Medium,10,Senior,0,59.6,Comprehensive,High,Critical,Tight,Low,1,13,32.2,80,3,6.95,17.5,Medium,Good,Legacy,Low,Human,23.38
11070,Medium,127,7,Web,Medium,3,Junior,0,52.6,Minimal,Standard,High,Flexible,High,0,0,0.0,0,0,0.0,0.0,Low,Poor,Current,High,Hybrid,50.42
125348,High,187,7,Web,High,6,Senior,0,82.9,Standard,High,Low,Tight,Medium,0,0,0.0,0,0,0.0,0.0,Low,Poor,Current,High,Human,31.94
26840,High,143,8,Infrastructure,Medium,0,Senior,0,66.3,Standard,High,High,Moderate,High,0,0,0.0,0,0,0.0,0.0,Low,Poor,Current,High,Hybrid,28.08
18726,Medium,115,4,Infrastructure,Critical,13,Mid,0,72.7,Standard,High,Medium,Tight,Low,0,0,0.0,0,0,0.0,0.0,Low,Poor,Current,High,Human,43.68
38687,High,148,6,Security,High,5,Senior,0,74.2,Standard,High,High,Moderate,Medium,0,0,0.0,0,0,0.0,0.0,Low,Poor,Current,High,Human,27.54
34350,High,122,7,Data,High,7,Junior,1,98.0,Minimal,High,Low,Moderate,Medium,0,0,0.0,0,0,0.0,0.0,Low,Poor,Current,High,Human,40.08
70442,Medium,75,6,Data,High,12,Senior,1,61.5,Comprehensive,Standard,Medium,Flexible,Medium,1,21,46.5,142,7,19.33,57.0,Critical,Standard,Current,Low,Human,10.39
40981,High,160,10,Data,High,6,Architect,1,58.7,Standard,High,High,Flexible,Low,0,0,0.0,0,0,0.0,0.0,Low,Poor,Current,High,Human,16.83
2468,Low,41,4,Infrastructure,Medium,4,Senior,0,61.8,Comprehensive,High,Medium,Flexible,Medium,0,0,0.0,0,0,0.0,0.0,Low,Poor,Current,High,AI,38.95
18954,Low,21,5,Data,High,9,Senior,1,29.9,Standard,Standard,High,Tight,High,1,16,34.7,146,10,6.88,47.9,Critical,Standard,Modern,Medium,Human,25.95
7532,Low,7,1,Data,High,10,Junior,0,37.2,Standard,Standard,High,Tight,Medium,0,0,0.0,0,0,0.0,0.0,Low,Poor,Current,High,Human,58.58
920,Low,25,4,Mobile,Low,1,Senior,0,28.6,Standard,Real-time,Medium,Moderate,Medium,0,0,0.0,0,0,0.0,0.0,Low,Poor,Current,High,AI,42.21
52721,Medium,126,7,Infrastructure,High,10,Senior,1,38.6,Minimal,High,Medium,Flexible,High,1,14,30.3,110,1,9.84,30.0,Medium,Poor,Dated,High,Human,19.56
15790,Medium,104,3,Data,High,4,Architect,1,65.2,Comprehensive,Standard,Low,Moderate,Medium,0,0,0.0,0,0,0.0,0.0,Low,Poor,Current,High,Human,24.9
4437,Medium,97,5,Data,Medium,2,Junior,0,72.2,Standard,High,Medium,Tight,High,0,0,0.0,0,0,0.0,0.0,Low,Poor,Current,High,Hybrid,52.77
50132,Medium,114,5,Security,Medium,7,Architect,1,38.9,Standard,Real-time,Critical,Flexible,Medium,1,8,61.7,59,6,1.2,19.2,Medium,Poor,Current,Low,Human,10.19
52903,Medium,83,8,Data,Low,8,Mid,1,57.8,Comprehensive,High,High,Tight,Medium,1,9,20.4,251,5,8.11,45.8,High,Poor,Modern,Unfamiliar,Human,21.6
1207,Low,21,1,Web,Critical,5,Architect,0,45.0,Comprehensive,Real-time,Medium,Moderate,Low,0,0,0.0,0,0,0.0,0.0,Low,Poor,Current,High,Human,33.22
2918,Low,31,1,Security,Medium,3,Architect,1,65.7,Standard,Standard,Low,Moderate,Medium,0,0,0.0,0,0,0.0,0.0,Low,Poor,Current,High,Hybrid,38.53
231682,High,133,6,Infrastructure,Medium,7,Senior,0,49.1,Minimal,High,High,Moderate,Medium,1,19,52.0,113,9,4.37,47.3,Critical,Poor,Modern,High,Human,15.71
100326,High,150,9,Data,High,7,Senior,1,98.0,Standard,Real-time,Medium,Tight,Medium,0,0,0.0,0,0,0.0,0.0,Low,Poor,Current,High,Human,26.38
19775,Low,20,1,Data,Medium,9,Senior,1,53.0,Minimal,Real-time,Critical,Moderate,Medium,1,10,54.7,150,3,4.73,36.4,High,Poor,Current,High,Human,28.23
4693,Low,38,2,Data,Low,3,Senior,0,68.2,Standard,Standard,High,Tight,Low,0,0,0.0,0,0,0.0,0.0,Low,Poor,Current,High,AI,49.64
226936,High,201,9,Security,Critical,11,Junior,1,53.1,Standard,High,Critical,Tight,Medium,1,2,70.2,46,2,0.3,9.0,Low,Minimal,Modern,Low,Human,32.78
46374,Medium,118,6,Data,High,7,Mid,0,26.9,Standard,High,Medium,Tight,Medium,1,20,54.2,170,7,2.54,60.0,Critical,Minimal,Current,High,Human,33.54
38694,Medium,82,6,Security,Low,4,Senior,0,29.1,Standard,Standard,Medium,Flexible,Medium,1,11,48.8,86,4,0.86,33.4,High,Standard,Current,High,Hybrid,33.38
215411,High,181,8,Data,Critical,16,Senior,0,40.0,Comprehensive,Standard,High,Moderate,Medium,1,6,47.6,138,5,1.16,9.7,Medium,Standard,Dated,Medium,Human,19.52
13150,Medium,71,6,Infrastructure,High,7,Mid,0,50.2,Standard,Standard,Critical,Moderate,High,0,0,0.0,0,0,0.0,0.0,Low,Poor,Current,High,Human,39.51
75361,High,120,6,Web,Low,3,Senior,1,70.3,Minimal,High,Low,Tight,Medium,0,0,0.0,0,0,0.0,0.0,Low,Poor,Current,High,Human,36.56
9610,Medium,105,5,Mobile,High,7,Senior,1,44.8,Standard,High,High,Tight,Low,0,0,0.0,0,0,0.0,0.0,Low,Poor,Current,High,Human,34.99
1905,Low,71,4,Infrastructure,Medium,2,Mid,1,58.9,Standard,Real-time,High,Tight,Low,0,0,0.0,0,0,0.0,0.0,Low,Poor,Current,High,Hybrid,50.31
20873,Medium,123,1,Data,High,7,Mid,1,72.7,Comprehensive,Standard,Medium,Moderate,Low,0,0,0.0,0,0,0.0,0.0,Low,Poor,Current,High,Human,40.56
191531,High,148,12,Web,High,8,Senior,1,69.0,Standard,High,High,Moderate,High,1,11,81.4,26,0,0.37,13.5,Low,Minimal,Legacy,Low,Human,11.79
52734,High,160,8,Infrastructure,Medium,2,Mid,0,76.1,Standard,Standard,Low,Moderate,Medium,0,0,0.0,0,0,0.0,0.0,Low,Poor,Current,High,Hybrid,39.68
49948,Medium,73,5,Infrastructure,High,13,Architect,1,59.1,Minimal,High,High,Flexible,High,1,20,25.4,85,9,20.0,35.7,Critical,Standard,Dated,Medium,Human,2.0
140355,High,147,6,Web,High,7,Senior,1,72.8,Standard,High,Medium,Moderate,Medium,1,16,59.1,30,6,1.3,38.3,High,Standard,Current,Medium,Human,17.87
2079,Low,34,1,Data,Low,4,Mid,1,57.9,Standard,High,Low,Moderate,High,0,0,0.0,0,0,0.0,0.0,Low,Poor,Current,High,Hybrid,51.66
21732,Low,43,4,Data,High,10,Junior,1,58.0,Minimal,Real-time,Medium,Tight,Low,1,9,59.1,147,2,4.5,30.3,High,Standard,Modern,Unfamiliar,Human,43.01
75095,Medium,87,5,Infrastructure,High,4,Mid,1,47.4,Standard,Standard,Low,Flexible,Medium,1,18,11.4,63,9,13.96,37.3,High,Good,Legacy,High,Human,26.32
2356,Low,53,1,Web,Critical,3,Mid,0,73.6,Standard,High,Low,Moderate,Medium,0,0,0.0,0,0,0.0,0.0,Low,Poor,Current,High,Human,51.75
423675,High,132,9,Infrastructure,Low,5,Senior,1,20.1,Minimal,High,Critical,Moderate,Medium,1,9,55.8,158,3,2.95,41.2,High,Good,Dated,Medium,Human,16.93
11895,Medium,73,6,Data,Critical,13,Architect,1,62.1,Standard,Standard,Medium,Flexible,Medium,0,0,0.0,0,0,0.0,0.0,Low,Poor,Current,High,Human,23.43
18007,Medium,85,5,Web,Low,1,Senior,0,41.0,Comprehensive,Real-time,Low,Tight,Medium,0,0,0.0,0,0,0.0,0.0,Low,Poor,Current,High,Hybrid,42.25
7480,Medium,117,7,Security,Medium,2,Mid,1,91.7,Standard,High,Critical,Moderate,Medium,0,0,0.0,0,0,0.0,0.0,Low,Poor,Current,High,Human,36.53
19736,Medium,67,3,Data,Critical,4,Senior,1,48.1,Standard,High,Critical,Moderate,High,0,0,0.0,0,0,0.0,0.0,Low,Poor,Current,High,Human,28.6
353689,High,163,8,Web,Medium,5,Senior,0,80.7,Comprehensive,Real-time,Critical,Moderate,Low,1,6,36.8,156,6,0.04,36.7,High,Standard,Current,Low,Human,14.8
30581,Medium,152,7,Security,Medium,7,Mid,1,84.5,Comprehensive,High,Medium,Moderate,Medium,1,6,42.8,53,4,13.55,12.4,Medium,Good,Current,Medium,AI,27.04
147648,Medium,68,4,Mobile,Critical,18,Architect,0,45.5,Comprehensive,High,Critical,Flexible,High,1,7,53.7,123,3,0.47,18.5,Medium,Minimal,Current,Low,Hybrid,7.87
236605,High,186,10,Security,Medium,7,Mid,1,28.2,Standard,Standard,Medium,Flexible,High,1,13,42.0,67,1,2.67,24.3,Medium,Minimal,Dated,Medium,Hybrid,23.48
2208,Low,44,3,Data,Medium,3,Mid,0,46.1,Standard,Standard,Low,Tight,High,0,0,0.0,0,0,0.0,0.0,Low,Poor,Current,High,AI,56.95
46667,Medium,166,6,Data,Medium,6,Mid,0,45.4,Comprehensive,Standard,Critical,Flexible,High,1,7,69.0,67,7,2.44,20.0,Medium,Minimal,Modern,High,Human,30.76
2128,Low,43,1,Data,Low,2,Senior,0,56.7,Comprehensive,Standard,Low,Moderate,High,0,0,0.0,0,0,0.0,0.0,Low,Poor,Current,High,AI,45.88
38125,Medium,129,7,Data,High,15,Mid,1,55.3,Standard,Standard,High,Flexible,High,1,14,32.0,73,3,2.45,29.9,High,Minimal,Modern,Medium,Human,23.75
103664,High,176,9,Security,Low,5,Junior,0,73.6,Comprehensive,Standard,High,Tight,Low,1,8,37.7,119,5,2.41,23.6,Medium,Minimal,Current,High,Hybrid,39.85
208012,High,149,11,Data,Low,6,Mid,0,62.5,Comprehensive,Real-time,Low,Flexible,Medium,1,12,11.0,45,11,8.93,28.9,Critical,Good,Current,Low,Human,17.29
5284,Low,58,1,Mobile,High,8,Mid,0,36.5,Minimal,Standard,High,Tight,Medium,1,6,60.1,181,2,2.49,21.5,Medium,Minimal,Modern,Low,Human,45.91
56699,Medium,144,7,Web,Low,1,Junior,0,43.7,Standard,Real-time,High,Tight,Medium,1,14,45.7,250,3,12.93,34.2,High,Minimal,Legacy,Medium,Human,36.58
20320,Low,35,4,Data,Low,2,Senior,0,59.0,Minimal,Standard,High,Tight,Low,1,13,18.9,118,8,5.6,42.0,Critical,Good,Modern,High,Human,39.44
175544,High,205,8,Security,High,10,Architect,1,43.6,Standard,High,Medium,Moderate,Medium,1,16,42.4,195,9,13.72,37.2,Critical,Minimal,Current,High,Human,3.44
6900,Medium,103,6,Web,High,5,Mid,0,60.4,Minimal,High,Low,Flexible,Medium,0,0,0.0,0,0,0.0,0.0,Low,Poor,Current,High,AI,43.73
2246,Low,7,2,Data,Medium,4,Senior,0,64.9,Comprehensive,High,High,Moderate,Medium,0,0,0.0,0,0,0.0,0.0,Low,Poor,Current,High,Hybrid,41.19
12627,Medium,74,3,Mobile,High,12,Mid,0,71.7,Comprehensive,Standard,High,Moderate,Medium,0,0,0.0,0,0,0.0,0.0,Low,Poor,Current,High,Human,41.22
54633,High,155,10,Data,High,6,Architect,0,58.7,Comprehensive,Standard,High,Tight,Medium,0,0,0.0,0,0,0.0,0.0,Low,Poor,Current,High,Human,19.12
100398,High,170,10,Infrastructure,Medium,5,Mid,0,54.7,Minimal,Real-time,Medium,Tight,Medium,1,11,75.6,31,4,0.25,13.3,Medium,Minimal,Modern,High,Hybrid,34.69
41674,Medium,94,2,Data,Medium,4,Senior,1,65.9,Comprehensive,High,High,Moderate,Medium,1,3,20.3,39,5,0.67,18.3,Medium,Poor,Current,High,Hybrid,28.49
8912,Low,60,7,Infrastructure,High,3,Mid,1,36.0,Standard,Standard,Low,Tight,High,1,4,85.0,65,0,0.73,18.9,Low,Minimal,Modern,Low,Human,45.21
31571,High,127,8,Mobile,Medium,9,Mid,0,89.6,Standard,Real-time,High,Flexible,Medium,0,0,0.0,0,0,0.0,0.0,Low,Poor,Current,High,Hybrid,32.93
284233,High,206,9,Web,High,11,Architect,0,52.3,Standard,High,High,Tight,Medium,1,11,34.6,76,10,4.81,49.0,Critical,Poor,Current,Medium,Human,8.54
15495,Medium,97,2,Security,Low,0,Senior,1,79.9,Standard,Standard,High,Flexible,Medium,0,0,0.0,0,0,0.0,0.0,Low,Poor,Current,High,Hybrid,36.3
2152,Low,20,2,Mobile,High,8,Mid,1,33.0,Minimal,Real-time,Critical,Tight,Low,0,0,0.0,0,0,0.0,0.0,Low,Poor,Current,High,Human,47.65
108511,High,192,11,Data,Medium,6,Mid,0,63.4,Standard,High,High,Moderate,Medium,1,7,48.2,60,5,1.95,8.6,Medium,Minimal,Current,Medium,Hybrid,26.18
50777,Medium,115,7,Security,Low,5,Senior,1,78.6,Minimal,Real-time,High,Moderate,Medium,1,13,24.5,99,9,9.7,32.3,High,Poor,Dated,Low,Human,19.49
21166,High,141,6,Infrastructure,High,8,Mid,0,56.6,Comprehensive,High,Medium,Moderate,Low,0,0,0.0,0,0,0.0,0.0,Low,Poor,Current,High,Hybrid,37.93
31327,High,172,5,Web,High,6,Junior,0,86.8,Comprehensive,Standard,Medium,Tight,Medium,0,0,0.0,0,0,0.0,0.0,Low,Poor,Current,High,Hybrid,45.64
8192,Medium,62,3,Data,Low,1,Junior,1,66.5,Standard,Standard,High,Moderate,High,0,0,0.0,0,0,0.0,0.0,Low,Poor,Current,High,Hybrid,53.59
259403,High,227,8,Web,Low,6,Architect,0,34.3,Minimal,High,Low,Moderate,Low,1,1,74.9,10,0,0.82,2.6,Low,Standard,Modern,Unfamiliar,Human,26.51
78871,Medium,119,4,Web,High,7,Mid,1,37.5,Minimal,Real-time,High,Tight,Medium,1,1,85.0,72,0,0.81,0.0,Low,Minimal,Modern,Medium,Human,37.99
21299,Medium,81,2,Infrastructure,Medium,1,Mid,0,74.8,Minimal,Real-time,Medium,Tight,Low,0,0,0.0,0,0,0.0,0.0,Low,Poor,Current,High,Hybrid,49.54
134981,High,129,12,Infrastructure,Low,5,Mid,0,59.5,Minimal,Real-time,Medium,Moderate,Medium,1,14,41.2,52,2,3.58,17.1,Medium,Minimal,Modern,High,Hybrid,30.09
14590,Low,81,1,Security,Medium,7,Senior,0,25.5,Standard,High,High,Flexible,High,1,5,78.5,92,1,0.48,0.0,Low,Standard,Current,Unfamiliar,Hybrid,36.86
13552,Medium,72,5,Web,Low,2,Junior,0,70.9,Comprehensive,Standard,Critical,Moderate,Medium,0,0,0.0,0,0,0.0,0.0,Low,Poor,Current,High,Human,49.55
1469,Low,53,1,Security,Medium,4,Senior,1,34.5,Comprehensive,Standard,Low,Flexible,Medium,0,0,0.0,0,0,0.0,0.0,Low,Poor,Current,High,Hybrid,43.52
25337,Low,29,3,Security,High,5,Senior,0,20.2,Comprehensive,Standard,Medium,Moderate,High,1,13,36.2,106,8,1.78,40.0,High,Good,Current,High,Hybrid,35.17
12428,Medium,101,3,Security,High,4,Junior,0,76.5,Comprehensive,High,High,Flexible,High,0,0,0.0,0,0,0.0,0.0,Low,Poor,Current,High,Human,42.21
13362,Medium,101,4,Infrastructure,Low,1,Architect,0,84.0,Comprehensive,Standard,Critical,Flexible,Low,0,0,0.0,0,0,0.0,0.0,Low,Poor,Current,High,Human,30.28
216142,High,131,12,Data,Critical,12,Senior,1,55.0,Standard,Standard,High,Moderate,Medium,1,13,20.1,69,6,1.89,33.1,High,Minimal,Modern,Low,Human,10.4
187903,High,198,8,Security,Medium,11,Mid,0,90.0,Minimal,Real-time,Low,Flexible,High,1,1,47.5,55,3,1.07,14.6,Low,Standard,Current,Low,Hybrid,29.7
194564,High,141,6,Mobile,Medium,7,Mid,0,58.6,Minimal,High,High,Flexible,Medium,1,18,18.8,70,10,7.83,36.0,Critical,Standard,Dated,Medium,Human,17.47
62757,Medium,88,5,Infrastructure,High,9,Junior,1,66.2,Minimal,High,Medium,Tight,High,1,12,43.1,245,2,2.9,29.7,High,Standard,Modern,High,Human,39.31
36533,High,150,7,Data,Medium,3,Mid,0,62.7,Minimal,High,Low,Flexible,Medium,0,0,0.0,0,0,0.0,0.0,Low,Poor,Current,High,Hybrid,37.77
370108,High,204,11,Data,High,9,Mid,0,62.6,Minimal,High,Medium,Flexible,Medium,1,10,72.9,76,3,0.91,6.4,Low,Minimal,Dated,Low,Hybrid,26.75
1595,Low,26,3,Web,High,5,Senior,0,43.3,Standard,Real-time,Low,Moderate,Low,0,0,0.0,0,0,0.0,0.0,Low,Poor,Current,High,Hybrid,43.46
189536,High,106,9,Security,Medium,8,Mid,1,63.7,Comprehensive,Standard,Low,Tight,Medium,1,21,47.0,97,5,5.88,38.3,High,Minimal,Legacy,Medium,Human,23.48
10964,Medium,123,5,Mobile,Medium,4,Junior,0,81.5,Standard,High,Medium,Moderate,Low,0,0,0.0,0,0,0.0,0.0,Low,Poor,Current,High,Hybrid,51.19
67014,Medium,64,5,Mobile,Critical,12,Junior,1,52.5,Standard,High,High,Moderate,High,1,10,39.0,134,2,7.91,20.0,Medium,Standard,Modern,Unfamiliar,Human,31.05
8741,Medium,85,1,Infrastructure,Low,4,Senior,0,36.6,Comprehensive,High,High,Flexible,Medium,0,0,0.0,0,0,0.0,0.0,Low,Poor,Current,High,Hybrid,35.29
40703,Low,35,2,Web,Low,7,Senior,0,35.2,Standard,High,Medium,Flexible,High,1,11,66.2,180,8,0.73,33.9,Medium,Poor,Modern,High,AI,37.2
8782,Medium,115,3,Data,High,4,Senior,1,51.8,Comprehensive,High,Medium,Tight,Low,0,0,0.0,0,0,0.0,0.0,Low,Poor,Current,High,Human,36.4
104883,High,161,8,Mobile,Low,4,Junior,0,67.2,Comprehensive,High,Medium,Tight,Medium,1,8,28.0,333,3,3.47,42.8,High,Poor,Modern,High,Human,35.34
1936,Low,36,2,Data,High,7,Junior,0,49.7,Standard,Real-time,High,Flexible,Low,0,0,0.0,0,0,0.0,0.0,Low,Poor,Current,High,Human,49.62
64284,Medium,106,7,Security,Medium,6,Senior,1,55.8,Comprehensive,Standard,Critical,Flexible,Medium,1,10,38.2,100,3,13.71,23.1,Medium,Poor,Modern,Low,Human,16.11
53305,Medium,117,2,Web,Low,6,Senior,0,85.1,Minimal,High,Critical,Flexible,Low,1,6,69.8,59,0,2.28,4.7,Low,Good,Modern,Low,Human,33.22
46684,High,164,5,Data,Low,2,Junior,0,88.1,Comprehensive,Standard,Low,Tight,Medium,0,0,0.0,0,0,0.0,0.0,Low,Poor,Current,High,Hybrid,50.65
78609,Medium,99,1,Infrastructure,Low,5,Senior,1,58.6,Minimal,Standard,Medium,Flexible,High,1,6,58.8,59,1,0.77,14.6,Low,Poor,Dated,Medium,Hybrid,29.34
23695,Medium,59,6,Infrastructure,Critical,7,Mid,0,74.7,Minimal,High,High,Flexible,High,0,0,0.0,0,0,0.0,0.0,Low,Poor,Current,High,Human,35.22
33782,High,186,6,Web,Medium,5,Architect,0,86.7,Standard,High,Critical,Moderate,Low,0,0,0.0,0,0,0.0,0.0,Low,Poor,Current,High,Human,21.19
99995,Medium,90,4,Data,Medium,8,Mid,0,63.6,Minimal,High,Medium,Moderate,Medium,1,5,51.8,51,4,3.58,6.8,Low,Good,Modern,Low,Hybrid,42.21
875,Low,7,2,Web,Medium,5,Junior,0,39.9,Standard,High,Low,Moderate,Medium,0,0,0.0,0,0,0.0,0.0,Low,Poor,Current,High,AI,61.25
400096,High,178,7,Web,High,6,Senior,1,33.4,Standard,Real-time,Critical,Tight,High,1,11,78.5,39,3,3.12,33.3,Medium,Minimal,Dated,High,Human,16.93
10846,Low,54,1,Infrastructure,Medium,5,Mid,0,48.3,Minimal,Standard,High,Flexible,High,1,9,23.7,126,8,3.68,22.4,Critical,Good,Modern,Low,Hybrid,36.75
1082,Low,7,1,Infrastructure,High,7,Senior,1,73.7,Standard,High,Medium,Moderate,Low,0,0,0.0,0,0,0.0,0.0,Low,Poor,Current,High,Human,40.7
174836,High,156,10,Data,Low,4,Senior,0,51.2,Comprehensive,Real-time,Low,Flexible,Medium,1,12,64.4,62,2,1.15,26.7,Medium,Minimal,Legacy,High,Human,20.07
32720,Low,75,5,Mobile,High,9,Senior,0,36.5,Minimal,Standard,Low,Flexible,Low,1,10,45.2,79,8,20.0,39.7,High,Minimal,Current,High,Human,32.66
11470,Medium,77,4,Data,Medium,4,Mid,0,86.4,Comprehensive,Real-time,High,Flexible,High,0,0,0.0,0,0,0.0,0.0,Low,Poor,Current,High,Hybrid,37.04
13596,Medium,110,7,Data,High,8,Senior,1,61.1,Standard,Standard,High,Moderate,Low,0,0,0.0,0,0,0.0,0.0,Low,Poor,Current,High,Human,32.86
1759,Low,45,4,Security,Low,1,Senior,1,41.1,Minimal,Real-time,Low,Moderate,Medium,0,0,0.0,0,0,0.0,0.0,Low,Poor,Current,High,Hybrid,42.28
9591,Medium,79,3,Web,Low,2,Senior,1,82.5,Standard,Real-time,Medium,Tight,Low,0,0,0.0,0,0,0.0,0.0,Low,Poor,Current,High,Hybrid,39.73
9021,Low,57,1,Infrastructure,Low,6,Architect,0,53.4,Standard,High,Critical,Tight,Medium,1,10,51.6,79,0,4.38,26.4,High,Standard,Modern,High,Human,31.61
483876,High,169,14,Data,Low,2,Senior,1,72.3,Standard,High,Medium,Flexible,Low,1,12,50.2,111,7,0.65,44.2,High,Minimal,Dated,Medium,Human,9.64
15805,Medium,88,4,Security,Medium,5,Junior,1,76.6,Minimal,Real-time,Critical,Tight,Low,0,0,0.0,0,0,0.0,0.0,Low,Poor,Current,High,Human,49.17
129157,High,157,11,Data,High,11,Mid,1,48.1,Minimal,Standard,Low,Flexible,High,1,13,55.4,112,3,0.86,14.7,Medium,Minimal,Dated,Medium,Human,23.84
122779,High,186,7,Infrastructure,Medium,9,Mid,0,45.5,Comprehensive,Standard,High,Moderate,Medium,1,10,52.1,38,2,5.8,4.6,Low,Good,Dated,Medium,Hybrid,29.26
38192,Medium,145,6,Data,Critical,9,Mid,1,53.7,Minimal,Standard,High,Tight,High,1,4,71.6,186,7,6.45,21.8,Medium,Minimal,Current,Unfamiliar,Hybrid,32.3
3075,Low,22,6,Data,Medium,7,Mid,1,51.9,Standard,Standard,High,Tight,Medium,0,0,0.0,0,0,0.0,0.0,Low,Poor,Current,High,Hybrid,49.78
1929,Low,8,1,Web,Low,2,Junior,0,59.6,Comprehensive,High,Medium,Flexible,Medium,0,0,0.0,0,0,0.0,0.0,Low,Poor,Current,High,AI,56.19
102424,High,213,10,Web,High,9,Junior,0,83.2,Standard,Real-time,Critical,Tight,High,1,11,51.1,102,2,4.98,37.8,High,Minimal,Modern,Low,Human,24.4
12185,Medium,68,5,Data,High,9,Mid,1,79.1,Comprehensive,Standard,Medium,Moderate,Medium,0,0,0.0,0,0,0.0,0.0,Low,Poor,Current,High,Human,38.73
30549,Low,52,3,Infrastructure,Medium,6,Junior,0,12.9,Standard,Real-time,Critical,Tight,High,1,15,35.0,120,4,4.22,30.5,High,Poor,Modern,Low,Human,43.18
81369,Medium,117,8,Web,High,12,Senior,0,61.6,Standard,Real-time,Medium,Tight,High,1,12,57.3,82,9,1.02,15.0,High,Good,Dated,Medium,Hybrid,24.2
4825,Medium,92,4,Security,Medium,1,Architect,1,60.6,Standard,High,Low,Moderate,Medium,0,0,0.0,0,0,0.0,0.0,Low,Poor,Current,High,Hybrid,30.4
25095,Low,35,5,Security,Medium,10,Mid,0,47.2,Standard,High,Low,Moderate,Medium,1,15,37.9,111,3,8.22,37.2,High,Poor,Modern,High,Hybrid,40.46
39969,Medium,56,6,Security,High,10,Senior,1,23.1,Standard,High,Critical,Flexible,Medium,1,14,20.2,148,10,6.67,30.4,High,Minimal,Modern,High,Human,18.84
7403,Medium,87,5,Web,High,6,Architect,1,82.0,Standard,Real-time,Low,Tight,Medium,0,0,0.0,0,0,0.0,0.0,Low,Poor,Current,High,Human,28.16
201300,High,170,8,Infrastructure,Medium,5,Senior,0,88.4,Standard,High,High,Flexible,Medium,1,8,72.8,84,3,0.39,29.6,Medium,Good,Modern,Low,Hybrid,19.89
21851,Medium,89,3,Data,Medium,4,Mid,0,43.4,Standard,High,Critical,Tight,Medium,0,0,0.0,0,0,0.0,0.0,Low,Poor,Current,High,Human,47.42
29121,Medium,121,7,Infrastructure,High,13,Mid,1,56.5,Comprehensive,Real-time,Critical,Tight,Low,1,15,80.4,52,5,16.05,17.8,Medium,Poor,Legacy,High,Human,21.11
13145,Medium,74,2,Mobile,High,7,Architect,1,47.9,Standard,High,Low,Flexible,Medium,0,0,0.0,0,0,0.0,0.0,Low,Poor,Current,High,Human,27.55
9766,Medium,88,4,Web,Medium,2,Junior,1,59.8,Comprehensive,High,High,Moderate,High,0,0,0.0,0,0,0.0,0.0,Low,Poor,Current,High,Hybrid,45.73
57193,High,154,8,Mobile,Low,3,Senior,0,92.2,Standard,Standard,Medium,Moderate,Medium,0,0,0.0,0,0,0.0,0.0,Low,Poor,Current,High,Hybrid,33.26
11746,Medium,92,4,Web,Medium,6,Mid,0,37.6,Minimal,Real-time,Low,Flexible,Medium,0,0,0.0,0,0,0.0,0.0,Low,Poor,Current,High,Hybrid,47.63
204291,High,173,7,Infrastructure,Critical,11,Mid,1,49.2,Standard,Standard,High,Tight,High,1,8,40.6,56,4,20.0,34.0,Medium,Minimal,Modern,Low,Human,16.55
11107,Medium,74,5,Infrastructure,Low,2,Junior,1,71.2,Standard,High,Low,Moderate,Medium,0,0,0.0,0,0,0.0,0.0,Low,Poor,Current,High,Hybrid,52.2
106391,High,165,5,Infrastructure,High,12,Senior,0,68.0,Minimal,Standard,High,Tight,High,1,2,64.5,72,0,0.12,29.8,Low,Standard,Current,High,Human,30.66
23850,High,146,7,Data,Medium,1,Mid,0,59.7,Standard,High,High,Tight,Low,0,0,0.0,0,0,0.0,0.0,Low,Poor,Current,High,Hybrid,40.87
19597,Medium,109,8,Infrastructure,Critical,8,Mid,0,29.6,Minimal,Real-time,Low,Tight,Medium,0,0,0.0,0,0,0.0,0.0,Low,Poor,Current,High,Human,44.29
73119,High,126,11,Data,Critical,16,Senior,1,76.4,Minimal,Real-time,Medium,Flexible,Low,1,7,62.3,128,5,9.93,33.8,Medium,Standard,Modern,Low,Human,12.47
10275,Low,22,2,Data,High,10,Architect,1,35.2,Standard,High,Medium,Tight,Medium,1,15,8.5,93,9,2.77,29.9,High,Minimal,Legacy,High,Human,27.14
135414,High,135,7,Infrastructure,High,12,Junior,1,55.8,Comprehensive,Standard,Low,Moderate,Medium,1,17,13.0,94,8,20.0,47.5,Critical,Good,Current,Medium,Human,21.39
84714,High,156,6,Data,Critical,8,Senior,1,78.6,Standard,Standard,Medium,Tight,Low,0,0,0.0,0,0,0.0,0.0,Low,Poor,Current,High,Human,29.52
376992,High,131,9,Infrastructure,High,7,Junior,1,62.3,Standard,Real-time,Low,Flexible,High,1,16,32.2,500,6,0.0,39.5,High,Poor,Modern,High,Human,22.84
335705,High,121,7,Security,High,10,Senior,1,66.4,Comprehensive,Standard,High,Tight,Medium,1,10,73.2,43,0,4.32,8.8,Low,Good,Legacy,Medium,Human,20.6
2397,Low,32,2,Infrastructure,High,7,Senior,0,71.2,Minimal,High,Low,Moderate,Medium,0,0,0.0,0,0,0.0,0.0,Low,Poor,Current,High,Hybrid,45.5
55594,High,157,7,Data,High,5,Junior,0,98.0,Comprehensive,Standard,High,Flexible,High,0,0,0.0,0,0,0.0,0.0,Low,Poor,Current,High,Human,35.87
2431,Low,35,1,Security,Low,2,Senior,0,53.3,Comprehensive,High,Low,Moderate,Low,0,0,0.0,0,0,0.0,0.0,Low,Poor,Current,High,Hybrid,48.03
295002,High,199,9,Mobile,Low,6,Mid,0,59.1,Standard,High,High,Tight,High,1,2,45.7,63,4,2.02,19.3,Medium,Minimal,Current,Unfamiliar,Hybrid,26.44
161376,High,196,10,Infrastructure,High,13,Senior,0,68.0,Minimal,High,Medium,Tight,High,1,8,37.4,127,3,3.54,26.2,Medium,Good,Dated,Low,Hybrid,22.15
94199,High,211,8,Web,High,2,Junior,1,64.0,Standard,High,Critical,Flexible,High,1,9,75.6,48,0,7.37,3.2,Low,Minimal,Legacy,Low,Human,22.2
149358,High,137,9,Web,Medium,1,Senior,1,61.8,Minimal,Standard,Low,Flexible,Low,1,17,46.7,94,5,2.41,29.5,High,Minimal,Dated,Medium,Human,21.9
81952,High,109,6,Mobile,Medium,7,Junior,0,62.9,Standard,Standard,High,Flexible,Medium,0,0,0.0,0,0,0.0,0.0,Low,Poor,Current,High,Human,41.22
125816,High,146,8,Security,Low,2,Senior,0,29.2,Standard,Standard,Medium,Tight,Medium,1,15,55.3,59,2,0.3,17.0,Medium,Good,Modern,High,Hybrid,33.52
16217,Low,45,4,Web,Medium,8,Architect,0,55.7,Standard,Real-time,Medium,Moderate,High,1,4,56.5,121,2,1.3,16.4,Medium,Minimal,Modern,Medium,AI,27.19
2203,Low,32,1,Data,Medium,5,Mid,0,51.1,Standard,High,Medium,Moderate,High,0,0,0.0,0,0,0.0,0.0,Low,Poor,Current,High,AI,50.95
2976,Low,33,1,Data,High,7,Junior,0,64.0,Minimal,High,High,Moderate,Medium,0,0,0.0,0,0,0.0,0.0,Low,Poor,Current,High,Human,56.54
13535,Medium,72,4,Data,Medium,5,Mid,1,84.6,Minimal,High,High,Tight,High,0,0,0.0,0,0,0.0,0.0,Low,Poor,Current,High,Hybrid,41.36
20230,Low,99,3,Infrastructure,High,10,Mid,0,58.4,Minimal,High,Medium,Moderate,Medium,1,9,32.6,23,6,1.89,25.3,Medium,Good,Dated,Low,Hybrid,38.75
156633,High,144,7,Web,High,12,Junior,1,48.9,Minimal,High,Medium,Tight,Medium,1,20,56.5,401,5,2.31,21.7,High,Good,Dated,Medium,Human,33.28
188677,High,144,3,Security,High,12,Junior,0,34.8,Standard,Real-time,Medium,Tight,High,1,3,69.0,34,3,2.19,11.0,Low,Minimal,Modern,High,Hybrid,41.12
208015,Medium,115,7,Data,High,11,Architect,1,46.7,Standard,Standard,Medium,Moderate,Medium,1,1,72.2,72,2,0.8,12.6,Low,Minimal,Current,Unfamiliar,Human,20.77
21834,Medium,85,3,Web,Low,0,Mid,1,77.8,Standard,High,High,Tight,Medium,0,0,0.0,0,0,0.0,0.0,Low,Poor,Current,High,Hybrid,43.18
35403,Medium,118,7,Infrastructure,High,16,Architect,1,49.3,Minimal,High,Medium,Moderate,High,1,4,43.6,95,4,13.86,25.0,Medium,Standard,Current,Low,Human,13.5
64576,Medium,132,3,Infrastructure,Low,6,Mid,0,49.3,Standard,High,High,Tight,High,1,14,20.4,183,7,6.5,48.3,Critical,Standard,Current,Low,Human,29.14
62837,High,141,9,Security,Critical,6,Mid,1,71.8,Standard,High,Medium,Flexible,Low,0,0,0.0,0,0,0.0,0.0,Low,Poor,Current,High,Human,27.95
43387,Medium,48,6,Infrastructure,High,11,Senior,1,34.7,Minimal,High,Medium,Flexible,Medium,1,7,24.8,168,5,0.09,20.1,Medium,Good,Dated,High,Human,29.48
1336,Low,46,1,Infrastructure,Medium,2,Senior,1,51.6,Standard,Standard,Low,Flexible,Low,0,0,0.0,0,0,0.0,0.0,Low,Poor,Current,High,Hybrid,44.48
12836,Medium,118,3,Infrastructure,Low,1,Senior,0,54.7,Standard,High,Medium,Moderate,Medium,0,0,0.0,0,0,0.0,0.0,Low,Poor,Current,High,Hybrid,40.81
124397,High,185,7,Infrastructure,Critical,20,Mid,0,62.7,Standard,High,High,Tight,High,1,10,33.8,146,4,4.25,31.1,High,Minimal,Dated,Low,Human,19.02
87220,High,152,7,Data,Medium,3,Mid,1,36.5,Comprehensive,Standard,Medium,Tight,Medium,1,11,69.4,89,2,10.31,10.1,Low,Minimal,Legacy,Low,Human,25.63
143055,Medium,63,5,Infrastructure,High,9,Architect,0,75.7,Standard,Standard,Critical,Moderate,Low,1,7,57.3,282,5,2.79,36.8,Critical,Minimal,Current,High,Human,11.88
3774,Low,19,2,Web,Medium,2,Mid,0,53.0,Standard,High,High,Flexible,High,0,0,0.0,0,0,0.0,0.0,Low,Poor,Current,High,Hybrid,47.29
2300,Low,33,1,Web,High,9,Mid,0,72.3,Standard,Standard,Low,Tight,High,0,0,0.0,0,0,0.0,0.0,Low,Poor,Current,High,Hybrid,52.63
2242,Low,42,2,Mobile,Low,1,Senior,0,65.5,Comprehensive,High,High,Flexible,Medium,0,0,0.0,0,0,0.0,0.0,Low,Poor,Current,High,Hybrid,38.14
5000,Low,61,1,Web,High,9,Architect,1,34.0,Standard,Standard,Medium,Tight,High,1,7,53.6,57,6,2.03,9.3,Medium,Good,Current,Medium,Human,31.52
340337,High,199,10,Security,Medium,5,Mid,1,59.9,Standard,High,Medium,Tight,High,1,3,51.4,24,2,2.09,0.2,Low,Good,Modern,Medium,Hybrid,30.79
25612,Medium,84,6,Web,Medium,5,Senior,0,73.3,Minimal,High,Medium,Tight,High,0,0,0.0,0,0,0.0,0.0,Low,Poor,Current,High,Hybrid,38.29
13248,Low,28,4,Infrastructure,Medium,6,Senior,0,39.6,Minimal,Standard,Medium,Flexible,Low,1,7,20.7,230,6,20.0,33.9,High,Standard,Modern,High,Hybrid,30.35
12252,Medium,118,2,Web,Low,5,Junior,0,63.9,Minimal,Standard,High,Tight,Medium,0,0,0.0,0,0,0.0,0.0,Low,Poor,Current,High,Hybrid,58.73
294949,High,147,9,Web,High,9,Architect,1,53.4,Standard,High,Critical,Flexible,Medium,1,13,37.4,41,5,5.6,3.4,Medium,Poor,Dated,High,Human,6.56
10541,Medium,91,5,Infrastructure,High,7,Mid,0,98.0,Minimal,High,Low,Flexible,Medium,0,0,0.0,0,0,0.0,0.0,Low,Poor,Current,High,AI,40.18
183815,High,189,7,Web,Medium,7,Senior,0,31.0,Standard,Standard,Medium,Moderate,High,1,22,15.8,197,6,11.87,59.4,Critical,Standard,Modern,Low,Human,15.84
56607,Medium,150,2,Security,High,7,Architect,0,37.2,Comprehensive,High,Critical,Tight,Medium,1,15,53.2,102,6,7.46,17.2,Medium,Poor,Modern,High,Human,19.7
265063,High,175,7,Security,Low,3,Senior,1,63.4,Standard,Standard,Critical,Flexible,High,1,11,59.1,66,3,1.09,27.1,Medium,Good,Dated,Low,Human,15.63
241143,High,167,9,Mobile,Medium,10,Senior,0,59.4,Minimal,Real-time,Low,Moderate,High,1,1,62.2,31,2,1.16,13.7,Low,Minimal,Current,Medium,Hybrid,26.21
267817,High,161,12,Data,High,11,Mid,1,79.2,Standard,Real-time,Medium,Flexible,Low,1,14,44.9,190,5,0.04,46.1,High,Minimal,Dated,High,Human,14.82
162598,High,173,7,Security,High,9,Senior,1,49.6,Comprehensive,High,Critical,Flexible,High,1,11,57.8,75,3,6.32,11.9,Low,Standard,Legacy,Medium,Human,7.92
39565,Medium,27,5,Security,High,6,Architect,1,27.5,Standard,Standard,High,Moderate,Low,1,16,30.1,123,5,2.97,45.9,High,Minimal,Dated,High,Human,15.74
16596,Medium,60,3,Infrastructure,High,9,Senior,1,72.2,Minimal,Standard,Medium,Tight,Medium,0,0,0.0,0,0,0.0,0.0,Low,Poor,Current,High,Human,40.32
129206,Medium,150,1,Data,Critical,7,Senior,1,52.7,Standard,High,High,Flexible,High,1,20,21.6,144,7,6.08,47.5,Critical,Good,Modern,High,Human,16.43
21765,Medium,82,6,Data,Critical,14,Mid,1,60.5,Comprehensive,Standard,Medium,Flexible,Medium,0,0,0.0,0,0,0.0,0.0,Low,Poor,Current,High,Human,33.02
11878,Medium,91,5,Web,Low,2,Architect,0,64.4,Standard,High,Low,Flexible,Low,0,0,0.0,0,0,0.0,0.0,Low,Poor,Current,High,Hybrid,33.45
181036,High,163,6,Security,Medium,6,Mid,1,62.8,Minimal,Standard,Medium,Tight,High,1,13,69.6,55,7,11.82,19.2,High,Standard,Legacy,Low,Human,22.81
458802,High,133,11,Infrastructure,Critical,15,Senior,1,62.6,Standard,Real-time,Low,Moderate,High,1,12,63.3,97,3,7.36,18.1,Medium,Standard,Dated,High,Human,11.35
1806,Low,70,4,Security,High,7,Junior,0,92.3,Minimal,Standard,High,Tight,Medium,0,0,0.0,0,0,0.0,0.0,Low,Poor,Current,High,Human,55.12
12312,Medium,97,2,Security,Medium,8,Junior,1,62.7,Standard,High,High,Tight,High,0,0,0.0,0,0,0.0,0.0,Low,Poor,Current,High,Hybrid,47.22
12631,Low,69,1,Infrastructure,Low,5,Senior,0,33.9,Standard,High,High,Moderate,High,1,15,50.7,127,7,9.77,50.8,Critical,Poor,Current,Medium,Human,28.98
162413,High,145,10,Infrastructure,Medium,6,Senior,0,90.0,Minimal,High,Critical,Tight,Medium,1,15,45.5,36,2,1.2,16.6,Medium,Minimal,Legacy,Medium,Hybrid,21.86
1003,Low,24,5,Data,Medium,3,Mid,1,80.4,Standard,Real-time,Medium,Moderate,High,0,0,0.0,0,0,0.0,0.0,Low,Poor,Current,High,Hybrid,45.13
1033,Low,38,2,Infrastructure,Medium,4,Mid,0,57.9,Standard,Real-time,Critical,Moderate,High,0,0,0.0,0,0,0.0,0.0,Low,Poor,Current,High,Human,48.53
70620,Medium,124,6,Web,High,13,Architect,0,70.4,Standard,High,High,Flexible,Low,1,8,57.6,93,3,0.11,29.9,Medium,Minimal,Modern,Medium,Hybrid,15.69
210084,High,155,5,Web,Critical,9,Senior,0,33.2,Minimal,Standard,Low,Moderate,High,1,3,34.1,92,5,7.32,20.8,Medium,Minimal,Modern,Low,Human,23.32
1890,Low,49,2,Web,Critical,8,Junior,1,43.1,Comprehensive,Real-time,Medium,Tight,Medium,0,0,0.0,0,0,0.0,0.0,Low,Poor,Current,High,Human,49.24
149265,Medium,110,6,Data,Critical,16,Senior,0,7.0,Minimal,High,Critical,Tight,High,1,9,65.7,65,0,10.75,16.4,Low,Standard,Dated,Medium,Human,24.59
4322,Low,7,1,Data,Medium,1,Senior,0,52.0,Standard,High,Low,Flexible,High,0,0,0.0,0,0,0.0,0.0,Low,Poor,Current,High,AI,45.62
32360,Medium,134,5,Data,Critical,14,Mid,1,24.0,Standard,High,Low,Tight,Medium,1,12,35.2,92,5,6.58,17.7,High,Standard,Modern,Medium,Human,32.96
30176,Medium,84,1,Data,Medium,8,Mid,0,83.1,Comprehensive,High,Low,Tight,Medium,0,0,0.0,0,0,0.0,0.0,Low,Poor,Current,High,Hybrid,49.39
133678,High,181,7,Infrastructure,High,9,Senior,0,90.0,Standard,High,Medium,Moderate,Medium,1,15,50.3,35,0,5.04,4.2,Low,Good,Dated,High,Hybrid,24.71
50919,High,166,5,Infrastructure,Medium,6,Mid,0,72.4,Comprehensive,High,Medium,Moderate,High,0,0,0.0,0,0,0.0,0.0,Low,Poor,Current,High,Hybrid,34.26
128055,High,147,8,Data,Medium,4,Senior,0,86.4,Standard,High,High,Flexible,Medium,0,0,0.0,0,0,0.0,0.0,Low,Poor,Current,High,Hybrid,24.94
2081,Low,7,5,Infrastructure,Medium,6,Junior,1,38.9,Standard,Standard,High,Moderate,Low,0,0,0.0,0,0,0.0,0.0,Low,Poor,Current,High,Hybrid,56.1
17734,Low,46,4,Security,Critical,17,Architect,1,26.6,Standard,Real-time,Medium,Flexible,Medium,1,9,67.1,180,4,2.29,16.5,Low,Poor,Legacy,High,Human,20.35
5659,Medium,64,6,Mobile,Low,2,Junior,1,89.3,Minimal,Real-time,High,Moderate,Low,0,0,0.0,0,0,0.0,0.0,Low,Poor,Current,High,Hybrid,49.35
20606,Medium,121,1,Infrastructure,Medium,5,Senior,0,50.2,Minimal,High,Medium,Tight,High,1,1,56.3,62,3,1.71,12.0,Low,Standard,Dated,High,Hybrid,39.16
8991,Medium,85,3,Web,Low,1,Senior,0,67.7,Standard,Standard,Low,Moderate,Medium,0,0,0.0,0,0,0.0,0.0,Low,Poor,Current,High,Hybrid,45.96
20520,Low,69,2,Web,High,7,Senior,0,54.6,Comprehensive,Real-time,Critical,Tight,Medium,1,4,70.0,49,2,1.86,13.1,Low,Good,Dated,Medium,Human,34.53
32916,Medium,74,4,Data,High,8,Mid,0,53.3,Minimal,Real-time,High,Flexible,High,0,0,0.0,0,0,0.0,0.0,Low,Poor,Current,High,Human,38.64
181328,Medium,144,8,Security,Medium,14,Mid,0,58.2,Standard,Real-time,Critical,Moderate,High,1,12,48.9,96,6,2.14,44.7,High,Standard,Modern,Medium,Human,22.99
79823,Medium,118,8,Web,High,12,Senior,0,6.9,Standard,High,Medium,Tight,Medium,1,18,41.4,92,4,14.22,34.0,Critical,Poor,Modern,Unfamiliar,Human,19.86
4082,Low,11,1,Data,Medium,3,Senior,0,61.9,Standard,Real-time,Medium,Tight,Low,0,0,0.0,0,0,0.0,0.0,Low,Poor,Current,High,AI,48.9
33004,High,152,7,Data,Low,5,Senior,0,52.9,Minimal,Standard,Critical,Tight,Medium,0,0,0.0,0,0,0.0,0.0,Low,Poor,Current,High,Human,35.18
220673,High,161,9,Data,High,15,Architect,1,49.3,Standard,Real-time,Low,Tight,High,1,18,38.1,90,4,0.16,25.0,Medium,Minimal,Dated,Medium,Human,10.23
33583,Medium,92,8,Data,Medium,10,Senior,1,65.7,Minimal,Standard,Medium,Tight,Low,1,18,55.0,197,8,11.98,51.1,Critical,Minimal,Dated,Medium,Human,21.91
1041,Low,58,1,Security,Low,0,Mid,1,70.7,Comprehensive,High,Medium,Moderate,Medium,0,0,0.0,0,0,0.0,0.0,Low,Poor,Current,High,Hybrid,50.19
31344,High,139,6,Infrastructure,Medium,7,Mid,0,72.4,Comprehensive,High,Low,Flexible,Low,0,0,0.0,0,0,0.0,0.0,Low,Poor,Current,High,Hybrid,36.93
14049,Medium,68,6,Data,High,5,Mid,0,64.9,Minimal,Real-time,Medium,Moderate,Low,0,0,0.0,0,0,0.0,0.0,Low,Poor,Current,High,Hybrid,45.76
44022,Medium,107,5,Infrastructure,High,12,Senior,1,32.1,Standard,Standard,Low,Tight,Medium,1,10,69.9,224,5,9.93,36.2,Medium,Poor,Dated,High,Human,24.8
8687,Medium,60,4,Data,Critical,8,Senior,1,41.5,Standard,Standard,Low,Moderate,Medium,0,0,0.0,0,0,0.0,0.0,Low,Poor,Current,High,Human,36.03
41454,High,165,8,Infrastructure,Medium,4,Mid,1,59.7,Standard,Standard,High,Flexible,Medium,0,0,0.0,0,0,0.0,0.0,Low,Poor,Current,High,Hybrid,32.21
51840,Medium,99,8,Infrastructure,Medium,9,Mid,1,37.7,Standard,Real-time,High,Moderate,Medium,1,3,60.9,29,1,1.36,4.2,Low,Minimal,Modern,High,Hybrid,34.92
19897,Low,33,2,Security,High,7,Senior,1,23.1,Standard,Standard,Medium,Moderate,High,1,18,30.5,110,6,2.93,28.3,High,Minimal,Dated,High,Human,31.67
97607,High,131,8,Mobile,Medium,4,Senior,1,40.9,Standard,Standard,Low,Flexible,High,1,20,15.6,280,7,4.63,43.0,Critical,Good,Dated,High,Human,13.54
8786,Medium,108,3,Mobile,High,7,Architect,1,52.9,Standard,Standard,High,Moderate,Medium,0,0,0.0,0,0,0.0,0.0,Low,Poor,Current,High,Human,29.98
12119,Medium,93,5,Security,High,3,Senior,0,52.7,Standard,High,High,Moderate,Low,0,0,0.0,0,0,0.0,0.0,Low,Poor,Current,High,Human,36.32
93420,High,222,8,Infrastructure,High,8,Mid,1,77.3,Minimal,High,Low,Tight,Medium,1,21,23.9,51,8,13.12,42.3,Critical,Minimal,Dated,Low,Human,18.14
41605,High,135,11,Infrastructure,Medium,2,Junior,0,60.0,Standard,Standard,High,Tight,Low,0,0,0.0,0,0,0.0,0.0,Low,Poor,Current,High,Hybrid,45.69
1334,Low,43,1,Web,Medium,1,Senior,0,74.5,Comprehensive,Real-time,Medium,Flexible,Medium,0,0,0.0,0,0,0.0,0.0,Low,Poor,Current,High,AI,40.16
41065,High,152,9,Infrastructure,High,9,Senior,1,96.4,Standard,High,High,Tight,Medium,0,0,0.0,0,0,0.0,0.0,Low,Poor,Current,High,Human,27.09
8043,Low,58,3,Infrastructure,Medium,3,Architect,0,5.0,Standard,Real-time,High,Tight,High,1,12,44.7,44,5,3.75,33.0,High,Minimal,Dated,Low,Human,24.02
13784,Medium,80,5,Security,Medium,2,Senior,1,64.1,Standard,Standard,Medium,Moderate,Medium,0,0,0.0,0,0,0.0,0.0,Low,Poor,Current,High,Hybrid,38.59
22008,High,113,7,Infrastructure,High,3,Junior,0,77.4,Minimal,Standard,Low,Tight,Low,0,0,0.0,0,0,0.0,0.0,Low,Poor,Current,High,Hybrid,51.41
11738,Medium,114,5,Data,High,5,Mid,1,85.8,Comprehensive,Standard,High,Tight,Low,0,0,0.0,0,0,0.0,0.0,Low,Poor,Current,High,Human,41.0
12930,Medium,84,5,Infrastructure,Medium,13,Junior,0,60.1,Minimal,Standard,High,Flexible,Low,0,0,0.0,0,0,0.0,0.0,Low,Poor,Current,High,Hybrid,48.58
484859,High,161,6,Infrastructure,Low,4,Junior,1,53.8,Comprehensive,Standard,Medium,Tight,Medium,1,12,60.6,77,5,20.0,28.1,High,Good,Modern,High,Human,32.34
89805,High,165,10,Data,Medium,2,Mid,0,57.4,Minimal,High,High,Tight,Low,0,0,0.0,0,0,0.0,0.0,Low,Poor,Current,High,Human,40.29
3562,Low,41,3,Infrastructure,Medium,1,Mid,0,77.5,Standard,High,Medium,Tight,Medium,0,0,0.0,0,0,0.0,0.0,Low,Poor,Current,High,AI,51.34
84664,Medium,108,6,Data,High,10,Mid,1,14.8,Comprehensive,High,High,Tight,Medium,1,15,58.5,54,4,7.63,24.6,Medium,Minimal,Legacy,High,Human,27.65
4460,Low,7,1,Web,Medium,4,Mid,0,63.8,Comprehensive,Standard,Medium,Flexible,Low,0,0,0.0,0,0,0.0,0.0,Low,Poor,Current,High,AI,50.57
3340,Low,7,1,Web,Medium,2,Mid,0,42.5,Standard,High,High,Flexible,Medium,0,0,0.0,0,0,0.0,0.0,Low,Poor,Current,High,Hybrid,48.45
157381,High,172,8,Infrastructure,Medium,6,Junior,0,72.9,Comprehensive,Standard,High,Moderate,Low,1,7,64.2,126,0,0.41,0.3,Low,Standard,Current,Medium,Hybrid,39.95
125288,High,194,9,Infrastructure,High,7,Senior,0,45.3,Standard,Standard,Critical,Tight,High,1,14,31.8,44,5,7.95,22.0,High,Good,Modern,Unfamiliar,Human,15.41
181513,High,158,10,Web,Low,4,Senior,1,83.0,Comprehensive,High,High,Tight,Medium,1,18,29.8,61,4,5.97,27.5,High,Poor,Dated,High,Human,17.41
10576,Medium,97,1,Data,Medium,6,Mid,0,68.5,Standard,Real-time,Low,Moderate,Medium,0,0,0.0,0,0,0.0,0.0,Low,Poor,Current,High,Hybrid,47.36
58777,High,206,8,Web,High,5,Junior,0,72.2,Standard,High,High,Flexible,Medium,0,0,0.0,0,0,0.0,0.0,Low,Poor,Current,High,Human,37.03
10303,Medium,76,5,Web,Low,1,Mid,0,61.3,Standard,Standard,Medium,Moderate,High,0,0,0.0,0,0,0.0,0.0,Low,Poor,Current,High,Hybrid,47.7
17002,Medium,87,2,Security,Medium,5,Junior,0,53.4,Minimal,High,Critical,Moderate,High,0,0,0.0,0,0,0.0,0.0,Low,Poor,Current,High,Human,53.15
173585,High,165,8,Mobile,Medium,6,Mid,0,58.2,Standard,High,Medium,Tight,High,1,15,36.5,92,7,0.75,34.5,High,Good,Modern,Medium,Human,29.96
102013,High,201,9,Infrastructure,Medium,7,Senior,0,41.5,Comprehensive,Standard,Medium,Moderate,High,1,13,30.3,25,5,3.21,48.7,Critical,Poor,Current,High,Human,19.49
20422,Medium,76,4,Infrastructure,Medium,5,Mid,0,61.7,Standard,High,Low,Flexible,High,0,0,0.0,0,0,0.0,0.0,Low,Poor,Current,High,Hybrid,42.03
48467,Medium,76,7,Data,High,10,Senior,0,63.8,Standard,Real-time,High,Moderate,Medium,1,18,41.0,114,7,16.62,45.2,High,Standard,Dated,Medium,Hybrid,16.06
378883,High,209,10,Infrastructure,Low,2,Mid,0,61.7,Standard,Standard,High,Flexible,Medium,1,19,41.0,166,8,13.55,41.7,Critical,Poor,Dated,Medium,Human,16.68
46889,High,178,6,Security,Low,5,Senior,1,50.2,Comprehensive,Standard,Medium,Moderate,High,0,0,0.0,0,0,0.0,0.0,Low,Poor,Current,High,Hybrid,29.21
1454,Low,31,1,Data,High,6,Mid,1,27.3,Minimal,Real-time,High,Tight,Low,0,0,0.0,0,0,0.0,0.0,Low,Poor,Current,High,Human,49.39
8977,Medium,92,3,Data,Medium,6,Junior,0,68.7,Standard,Real-time,Medium,Moderate,High,0,0,0.0,0,0,0.0,0.0,Low,Poor,Current,High,Hybrid,49.37
82011,Medium,128,2,Infrastructure,High,7,Senior,1,70.8,Minimal,High,High,Flexible,High,1,8,54.1,50,1,2.28,6.2,Low,Poor,Dated,High,Human,24.88
45928,High,177,10,Data,Medium,3,Junior,1,85.9,Minimal,Standard,Medium,Tight,Medium,0,0,0.0,0,0,0.0,0.0,Low,Poor,Current,High,Hybrid,48.42
327326,High,145,8,Data,High,9,Mid,0,70.1,Standard,High,Critical,Flexible,High,1,10,46.7,145,6,4.7,13.3,Medium,Good,Current,Low,Human,18.1
49796,High,140,10,Data,Low,1,Junior,1,70.2,Standard,High,Low,Flexible,High,0,0,0.0,0,0,0.0,0.0,Low,Poor,Current,High,Hybrid,40.29
83829,Medium,129,2,Infrastructure,Low,5,Senior,1,35.8,Standard,Standard,Critical,Flexible,High,1,14,45.1,83,7,2.39,44.2,High,Poor,Modern,High,Hybrid,20.6
19488,Medium,107,3,Infrastructure,Medium,3,Mid,0,69.2,Standard,Standard,High,Flexible,Medium,0,0,0.0,0,0,0.0,0.0,Low,Poor,Current,High,Hybrid,41.38
116492,Medium,134,7,Security,Medium,3,Senior,1,82.3,Standard,Real-time,Low,Tight,Medium,1,1,85.0,23,0,3.46,14.8,Low,Standard,Current,Medium,Hybrid,30.42
556,Low,22,1,Data,Critical,5,Senior,1,60.2,Standard,Standard,Medium,Tight,High,0,0,0.0,0,0,0.0,0.0,Low,Poor,Current,High,Human,42.54
2029,Low,50,1,Data,Medium,1,Mid,0,52.7,Comprehensive,Standard,Medium,Tight,Low,0,0,0.0,0,0,0.0,0.0,Low,Poor,Current,High,AI,55.42
132258,High,161,10,Security,Medium,6,Junior,1,92.1,Standard,Real-time,Medium,Moderate,High,0,0,0.0,0,0,0.0,0.0,Low,Poor,Current,High,Human,33.72
11586,Medium,73,5,Web,Medium,5,Mid,0,64.5,Minimal,High,Medium,Moderate,Low,0,0,0.0,0,0,0.0,0.0,Low,Poor,Current,High,Hybrid,43.48
10744,Medium,87,4,Mobile,Medium,5,Mid,0,83.7,Standard,High,Low,Flexible,Medium,0,0,0.0,0,0,0.0,0.0,Low,Poor,Current,High,Hybrid,43.14
23860,Medium,121,9,Mobile,Medium,2,Mid,0,35.2,Standard,High,High,Tight,Medium,1,6,64.1,86,4,6.2,6.9,Low,Poor,Dated,Medium,Hybrid,35.17
10362,Medium,87,5,Data,Low,3,Junior,1,47.5,Standard,Standard,High,Flexible,High,0,0,0.0,0,0,0.0,0.0,Low,Poor,Current,High,AI,47.26
160554,High,198,11,Infrastructure,High,13,Mid,0,75.2,Minimal,High,High,Tight,Medium,1,18,54.4,108,11,1.07,38.1,High,Minimal,Dated,High,Human,24.42
6527,Low,34,1,Infrastructure,Medium,5,Architect,0,79.2,Standard,Standard,High,Tight,Low,1,19,5.2,181,8,17.04,39.3,Critical,Standard,Dated,High,Human,26.96
160407,High,149,7,Infrastructure,High,12,Senior,1,62.4,Standard,High,Low,Flexible,Medium,1,22,36.5,128,7,1.88,30.9,High,Poor,Legacy,Medium,Human,10.45
382323,High,147,7,Infrastructure,Critical,5,Mid,0,64.4,Minimal,High,Critical,Tight,Low,1,11,23.6,95,3,14.27,36.2,High,Standard,Current,Unfamiliar,Human,18.81
165928,High,164,11,Mobile,High,10,Mid,1,58.6,Comprehensive,Real-time,Low,Tight,High,1,6,73.7,93,0,3.64,10.9,Low,Good,Legacy,Medium,Human,27.31
276552,High,162,10,Infrastructure,Medium,2,Mid,0,61.8,Standard,High,Low,Tight,High,1,11,62.8,106,2,5.09,9.0,Medium,Good,Modern,Unfamiliar,Hybrid,28.44
139184,High,136,9,Web,Critical,14,Mid,0,67.9,Minimal,Standard,High,Tight,Medium,1,4,73.1,57,2,0.4,9.6,Low,Standard,Dated,Unfamiliar,Human,30.39
16989,Medium,87,4,Infrastructure,High,5,Junior,0,76.9,Minimal,High,High,Moderate,High,0,0,0.0,0,0,0.0,0.0,Low,Poor,Current,High,Human,50.24
16403,Medium,84,3,Data,High,5,Mid,0,71.4,Standard,High,High,Flexible,Low,0,0,0.0,0,0,0.0,0.0,Low,Poor,Current,High,Human,38.41
35634,Medium,89,7,Data,Medium,7,Senior,1,74.0,Minimal,High,Critical,Moderate,Medium,1,17,63.4,152,3,11.46,35.3,High,Standard,Dated,Low,Human,18.26
386422,High,156,7,Data,Medium,7,Architect,1,10.0,Comprehensive,Standard,Low,Flexible,High,1,15,8.1,118,7,1.85,40.9,Critical,Poor,Dated,High,Human,7.23
158113,High,163,9,Infrastructure,High,5,Mid,1,13.5,Standard,Real-time,Critical,Flexible,High,1,8,51.1,103,3,2.64,25.6,Medium,Minimal,Modern,Low,Human,14.71
6661,Medium,89,1,Mobile,High,11,Senior,0,65.9,Standard,Real-time,Low,Moderate,Medium,0,0,0.0,0,0,0.0,0.0,Low,Poor,Current,High,Hybrid,35.74
278252,High,170,10,Infrastructure,Medium,7,Senior,0,20.0,Comprehensive,Standard,Critical,Flexible,High,1,19,31.3,195,7,2.08,39.9,Critical,Poor,Dated,Medium,Human,5.86
71060,High,202,8,Infrastructure,Low,5,Mid,0,63.7,Minimal,High,Medium,Tight,High,1,14,31.2,135,5,0.83,41.3,High,Minimal,Dated,Medium,Human,34.63
12749,Medium,55,4,Mobile,Medium,3,Mid,1,63.1,Minimal,Standard,Medium,Moderate,Low,0,0,0.0,0,0,0.0,0.0,Low,Poor,Current,High,Hybrid,45.74
202335,High,175,12,Infrastructure,High,7,Senior,0,40.6,Comprehensive,Standard,Low,Moderate,Medium,1,8,57.0,55,4,5.49,30.5,Medium,Poor,Modern,Low,Human,16.15
2474,Low,8,2,Security,High,7,Senior,1,76.2,Standard,Standard,Low,Tight,High,0,0,0.0,0,0,0.0,0.0,Low,Poor,Current,High,Human,45.01
235439,High,174,6,Web,Critical,15,Senior,0,17.0,Standard,Real-time,High,Tight,Low,1,12,63.3,63,7,1.98,22.8,High,Minimal,Current,Unfamiliar,Human,17.82
71230,Medium,144,1,Security,Medium,9,Senior,0,47.9,Minimal,High,Medium,Flexible,Medium,1,12,77.0,222,3,0.09,23.6,Medium,Poor,Legacy,Low,Human,26.09
4651,Low,7,1,Web,Medium,4,Junior,0,56.0,Comprehensive,Standard,High,Moderate,Medium,0,0,0.0,0,0,0.0,0.0,Low,Poor,Current,High,Hybrid,56.53
13013,Low,14,3,Web,Medium,9,Mid,0,37.4,Standard,Standard,Low,Moderate,High,1,10,34.0,102,9,2.86,28.4,High,Minimal,Current,Unfamiliar,Human,39.96
301339,High,172,13,Infrastructure,High,5,Junior,1,37.1,Minimal,Real-time,Medium,Moderate,Medium,1,24,46.1,74,5,20.0,45.6,Critical,Poor,Dated,Low,Human,16.38
7257,Medium,88,5,Web,Medium,0,Mid,0,79.1,Minimal,Standard,Critical,Tight,High,0,0,0.0,0,0,0.0,0.0,Low,Poor,Current,High,Human,43.27
11529,Medium,124,5,Web,High,9,Senior,1,80.3,Comprehensive,Standard,Low,Moderate,Medium,0,0,0.0,0,0,0.0,0.0,Low,Poor,Current,High,Human,33.59
281905,High,170,7,Web,Medium,5,Junior,0,23.8,Standard,Standard,Medium,Tight,Low,1,9,59.2,82,2,6.12,18.3,Medium,Poor,Modern,High,Hybrid,40.62
27806,Low,14,2,Infrastructure,Low,5,Senior,0,40.6,Standard,Real-time,Medium,Moderate,Low,1,18,68.8,88,8,2.92,48.8,Critical,Standard,Dated,Low,Human,31.7
63023,High,132,7,Web,Low,1,Senior,0,75.0,Minimal,Standard,Low,Flexible,High,0,0,0.0,0,0,0.0,0.0,Low,Poor,Current,High,Human,35.28
243292,High,212,5,Infrastructure,Medium,11,Senior,0,57.5,Standard,Real-time,Medium,Flexible,High,1,3,38.8,31,4,2.88,30.6,Medium,Minimal,Current,High,Hybrid,17.5
39643,High,193,9,Data,Medium,3,Senior,0,88.5,Standard,Standard,Medium,Flexible,Medium,0,0,0.0,0,0,0.0,0.0,Low,Poor,Current,High,Hybrid,27.21
43192,High,165,9,Infrastructure,Critical,9,Mid,1,59.1,Minimal,Standard,Medium,Flexible,Medium,0,0,0.0,0,0,0.0,0.0,Low,Poor,Current,High,Human,30.5
131449,Medium,120,6,Web,Low,2,Mid,1,41.9,Minimal,High,Medium,Flexible,Medium,1,5,59.3,35,1,0.02,4.2,Low,Standard,Dated,Low,Hybrid,38.65
1777,Low,37,3,Data,Low,0,Junior,1,78.4,Standard,High,Critical,Flexible,High,0,0,0.0,0,0,0.0,0.0,Low,Poor,Current,High,Human,50.25
19260,Low,46,6,Data,Low,1,Senior,1,39.1,Standard,Real-time,High,Moderate,High,1,8,59.4,55,1,0.43,3.1,Low,Minimal,Dated,Medium,Hybrid,34.0
135615,High,177,7,Data,Low,5,Mid,0,54.2,Minimal,High,Critical,Flexible,Medium,1,15,39.5,242,2,7.72,32.1,High,Standard,Modern,Low,Human,22.63
6219,Low,29,1,Web,Medium,5,Senior,0,51.4,Standard,High,Medium,Moderate,Low,1,17,32.2,89,12,16.59,52.5,Critical,Minimal,Modern,High,Human,29.74
14906,Medium,99,5,Mobile,Medium,5,Junior,0,61.4,Comprehensive,Real-time,Low,Flexible,Low,0,0,0.0,0,0,0.0,0.0,Low,Poor,Current,High,Hybrid,46.0
7282,Medium,97,7,Data,High,3,Mid,0,50.8,Comprehensive,Standard,High,Tight,Medium,0,0,0.0,0,0,0.0,0.0,Low,Poor,Current,High,Human,41.91
79709,Medium,116,6,Infrastructure,High,14,Mid,0,64.2,Standard,High,High,Moderate,Medium,1,9,48.8,180,2,14.58,17.3,Medium,Minimal,Legacy,Unfamiliar,Human,21.62
2566,Low,19,1,Mobile,Low,3,Senior,0,48.9,Standard,Real-time,Critical,Moderate,Low,0,0,0.0,0,0,0.0,0.0,Low,Poor,Current,High,Human,47.02
1626,Low,35,1,Infrastructure,Medium,3,Senior,0,57.2,Standard,Standard,Low,Moderate,Medium,0,0,0.0,0,0,0.0,0.0,Low,Poor,Current,High,AI,50.0
53944,Medium,94,7,Web,Medium,5,Mid,0,59.8,Minimal,High,Medium,Tight,Low,1,5,75.5,22,2,0.06,6.2,Low,Good,Dated,Low,Hybrid,42.31
1961,Low,25,2,Security,Medium,4,Junior,0,60.2,Standard,Standard,High,Tight,Medium,0,0,0.0,0,0,0.0,0.0,Low,Poor,Current,High,Hybrid,61.1
24160,High,137,7,Data,Medium,6,Mid,0,76.9,Standard,Standard,Medium,Moderate,Medium,0,0,0.0,0,0,0.0,0.0,Low,Poor,Current,High,Hybrid,36.35
181349,High,198,7,Infrastructure,High,15,Mid,1,75.0,Standard,Standard,High,Tight,Medium,1,11,44.4,56,4,13.73,30.6,High,Minimal,Modern,Medium,Human,21.18
92408,High,150,7,Data,High,13,Senior,0,65.2,Comprehensive,Standard,Low,Tight,Medium,0,0,0.0,0,0,0.0,0.0,Low,Poor,Current,High,Human,33.62
43024,Medium,103,5,Mobile,Critical,7,Senior,0,80.8,Standard,Real-time,High,Moderate,High,1,3,64.1,39,2,7.03,15.8,Low,Standard,Modern,High,Human,23.55
1392,Low,22,4,Mobile,High,5,Junior,0,43.8,Standard,Standard,Low,Moderate,High,0,0,0.0,0,0,0.0,0.0,Low,Poor,Current,High,Hybrid,58.01
52125,Low,72,4,Web,High,9,Senior,0,38.0,Comprehensive,High,High,Tight,Medium,1,9,62.0,44,3,5.77,19.1,Medium,Standard,Modern,High,Human,34.41
90876,High,179,9,Infrastructure,High,10,Mid,0,37.1,Standard,High,Medium,Flexible,High,1,12,40.8,157,0,16.61,6.8,Medium,Minimal,Modern,High,Human,20.65
2347,Low,26,1,Data,Low,2,Senior,0,75.1,Standard,Standard,High,Tight,Medium,0,0,0.0,0,0,0.0,0.0,Low,Poor,Current,High,AI,47.97
252903,High,157,8,Web,Medium,8,Mid,0,71.5,Standard,High,Medium,Flexible,High,1,9,28.7,67,4,1.98,35.4,High,Standard,Current,Medium,Human,23.44
24384,Medium,90,6,Web,High,2,Mid,0,71.5,Standard,Standard,Medium,Tight,Medium,0,0,0.0,0,0,0.0,0.0,Low,Poor,Current,High,Hybrid,45.9
113062,High,175,10,Infrastructure,High,12,Senior,1,41.7,Standard,High,High,Tight,High,1,4,82.7,66,0,0.97,10.8,Low,Standard,Modern,Low,Human,19.21
16154,Medium,105,4,Infrastructure,High,6,Senior,1,76.2,Standard,Real-time,Medium,Moderate,High,0,0,0.0,0,0,0.0,0.0,Low,Poor,Current,High,Human,30.27
6018,Medium,106,3,Security,Medium,1,Mid,0,58.4,Standard,Standard,Medium,Tight,High,0,0,0.0,0,0,0.0,0.0,Low,Poor,Current,High,Hybrid,48.02
10974,Low,61,5,Web,High,10,Architect,1,31.3,Standard,Real-time,High,Moderate,High,1,12,50.9,155,7,8.79,40.0,High,Poor,Modern,Low,Human,14.17
7782,Medium,57,5,Security,Low,3,Senior,1,88.6,Standard,High,Medium,Moderate,High,0,0,0.0,0,0,0.0,0.0,Low,Poor,Current,High,Hybrid,36.15
252663,High,118,7,Mobile,Medium,11,Mid,0,78.5,Standard,Real-time,Medium,Tight,High,1,7,63.4,75,4,6.47,23.0,Medium,Poor,Modern,High,Hybrid,28.69
7559,Medium,81,1,Infrastructure,High,4,Senior,1,54.4,Comprehensive,High,Low,Moderate,High,0,0,0.0,0,0,0.0,0.0,Low,Poor,Current,High,Human,32.71
1127,Low,21,2,Web,Medium,4,Junior,0,34.0,Standard,Standard,High,Tight,High,0,0,0.0,0,0,0.0,0.0,Low,Poor,Current,High,Hybrid,60.11
65252,Medium,108,8,Web,Medium,7,Senior,1,47.4,Standard,Standard,High,Tight,High,1,18,57.6,204,6,8.0,31.4,High,Poor,Legacy,Medium,Human,20.0
58462,High,144,9,Data,Low,1,Junior,0,71.2,Standard,High,Medium,Tight,Low,0,0,0.0,0,0,0.0,0.0,Low,Poor,Current,High,Hybrid,49.71
2122,Low,22,1,Infrastructure,Medium,0,Senior,0,45.2,Standard,Standard,Medium,Tight,High,0,0,0.0,0,0,0.0,0.0,Low,Poor,Current,High,AI,49.98
14059,Low,35,3,Infrastructure,Critical,16,Senior,0,16.6,Minimal,Real-time,High,Moderate,Medium,1,11,50.2,232,4,7.1,36.7,High,Standard,Modern,Low,Human,27.37
138121,High,170,11,Web,Medium,13,Mid,0,59.6,Standard,Standard,High,Moderate,Medium,1,11,42.9,114,3,3.39,34.7,High,Standard,Dated,Medium,AI,26.07
104266,Medium,111,8,Infrastructure,Medium,6,Mid,0,26.5,Minimal,High,High,Tight,High,1,6,46.5,85,9,4.01,23.0,High,Poor,Current,Medium,Hybrid,34.53
222901,High,147,9,Infrastructure,High,11,Senior,0,47.1,Comprehensive,High,Medium,Tight,Medium,1,5,61.7,38,1,1.48,30.0,Medium,Standard,Modern,High,Hybrid,23.28
169471,Medium,121,5,Security,Medium,2,Senior,1,55.8,Standard,High,Medium,Moderate,Medium,1,16,34.0,68,6,18.69,34.8,High,Minimal,Dated,High,Human,17.04
1700,Low,54,1,Security,High,3,Senior,1,51.9,Standard,Standard,High,Moderate,Medium,0,0,0.0,0,0,0.0,0.0,Low,Poor,Current,High,Human,39.33
253044,High,204,5,Security,Low,3,Mid,0,67.3,Standard,High,High,Tight,Medium,1,15,34.2,262,4,2.2,40.6,High,Poor,Dated,Unfamiliar,Hybrid,26.63
7690,Low,21,2,Security,High,16,Junior,1,32.3,Standard,Real-time,High,Moderate,High,1,9,34.7,95,5,4.33,37.6,High,Standard,Current,Medium,Human,38.07
27106,High,122,10,Data,Medium,3,Senior,1,58.4,Standard,Standard,Medium,Tight,Medium,0,0,0.0,0,0,0.0,0.0,Low,Poor,Current,High,Hybrid,33.04
316247,High,190,6,Infrastructure,Medium,9,Junior,0,30.5,Standard,Standard,Low,Tight,Low,1,11,49.1,223,8,8.66,28.8,High,Minimal,Current,High,Human,42.18
2977,Low,47,2,Security,Critical,6,Junior,1,37.2,Minimal,Standard,Medium,Moderate,Low,0,0,0.0,0,0,0.0,0.0,Low,Poor,Current,High,Human,60.29
34494,High,151,6,Infrastructure,High,6,Mid,0,94.6,Minimal,High,Low,Flexible,Low,0,0,0.0,0,0,0.0,0.0,Low,Poor,Current,High,Hybrid,39.26
35596,High,131,8,Web,High,9,Senior,0,84.1,Comprehensive,High,Medium,Flexible,Medium,0,0,0.0,0,0,0.0,0.0,Low,Poor,Current,High,Hybrid,22.81
139344,Medium,114,3,Web,High,11,Architect,1,55.9,Standard,High,High,Tight,Medium,1,5,71.3,82,1,4.08,18.5,Low,Standard,Modern,Low,Human,20.73
767,Low,7,1,Security,Low,1,Architect,1,44.5,Standard,High,Critical,Moderate,Low,0,0,0.0,0,0,0.0,0.0,Low,Poor,Current,High,Human,34.16
19953,Medium,109,3,Security,High,9,Senior,1,84.6,Minimal,Standard,High,Tight,Low,0,0,0.0,0,0,0.0,0.0,Low,Poor,Current,High,Human,40.52
59612,Medium,116,2,Infrastructure,High,13,Mid,0,65.5,Minimal,Standard,High,Flexible,High,1,6,25.8,60,3,20.0,27.4,Medium,Minimal,Modern,Medium,Human,26.65
9517,Medium,80,3,Security,Medium,4,Senior,1,88.3,Standard,Standard,Medium,Flexible,Medium,0,0,0.0,0,0,0.0,0.0,Low,Poor,Current,High,Hybrid,34.55
22966,Medium,107,2,Infrastructure,Medium,13,Mid,0,40.6,Minimal,High,Critical,Tight,High,1,14,64.5,165,9,5.88,43.9,High,Standard,Modern,Medium,Human,35.73
31014,Medium,90,5,Web,High,11,Mid,1,46.7,Standard,Standard,Medium,Flexible,High,1,9,66.2,85,3,1.65,0.1,Low,Minimal,Legacy,Medium,Human,29.65
7536,Medium,93,3,Infrastructure,Low,3,Senior,1,71.9,Standard,Standard,Critical,Tight,Medium,0,0,0.0,0,0,0.0,0.0,Low,Poor,Current,High,Human,38.51
1771,Low,69,1,Infrastructure,High,10,Mid,1,48.2,Comprehensive,Standard,Critical,Tight,Medium,0,0,0.0,0,0,0.0,0.0,Low,Poor,Current,High,Human,43.9
424416,High,148,6,Data,Low,5,Senior,0,80.8,Minimal,High,Medium,Tight,High,1,1,63.6,135,7,1.77,27.9,Medium,Poor,Current,Unfamiliar,Human,22.81
6415,Low,46,1,Data,Medium,8,Mid,1,66.1,Standard,High,Medium,Moderate,Low,0,0,0.0,0,0,0.0,0.0,Low,Poor,Current,High,Hybrid,49.44
48834,Medium,110,7,Security,Critical,11,Mid,1,55.1,Standard,High,Medium,Tight,Medium,1,22,39.1,169,15,8.68,42.7,Critical,Standard,Legacy,High,Human,25.68
24816,High,136,7,Web,High,7,Senior,0,94.7,Standard,Real-time,Medium,Moderate,High,0,0,0.0,0,0,0.0,0.0,Low,Poor,Current,High,Hybrid,25.74
287535,High,181,10,Web,High,7,Senior,0,44.0,Standard,High,Medium,Tight,Medium,1,15,64.2,107,3,1.98,40.3,High,Good,Modern,Unfamiliar,Human,18.32
67389,High,147,7,Data,Critical,4,Mid,1,62.1,Minimal,Standard,Low,Flexible,Low,0,0,0.0,0,0,0.0,0.0,Low,Poor,Current,High,Human,34.46
41783,Medium,53,6,Mobile,High,10,Senior,1,75.7,Minimal,High,Medium,Moderate,Low,1,15,34.1,58,10,6.62,55.6,Critical,Poor,Modern,Low,Human,17.1
73227,Medium,90,7,Infrastructure,Critical,7,Senior,1,54.7,Comprehensive,High,Critical,Moderate,High,1,5,55.5,95,1,3.99,10.4,Low,Poor,Modern,Low,Human,17.78
7451,Medium,78,5,Web,Medium,2,Mid,1,43.3,Comprehensive,High,Critical,Moderate,High,0,0,0.0,0,0,0.0,0.0,Low,Poor,Current,High,Human,36.38
16026,Medium,91,5,Mobile,Medium,4,Architect,0,78.2,Comprehensive,Standard,Critical,Moderate,Medium,0,0,0.0,0,0,0.0,0.0,Low,Poor,Current,High,Human,25.7
154818,High,171,5,Security,High,9,Mid,1,44.2,Minimal,Standard,Medium,Tight,High,1,11,53.8,110,3,6.75,40.4,High,Standard,Modern,Low,Human,28.77
3439,Low,17,1,Data,Medium,3,Senior,1,68.2,Comprehensive,Real-time,High,Moderate,Low,0,0,0.0,0,0,0.0,0.0,Low,Poor,Current,High,Hybrid,40.73
1060,Low,29,2,Security,Medium,1,Mid,0,31.0,Standard,Standard,High,Flexible,High,0,0,0.0,0,0,0.0,0.0,Low,Poor,Current,High,Hybrid,51.07
11173,Medium,61,5,Data,High,5,Senior,0,69.8,Standard,High,Critical,Moderate,Low,0,0,0.0,0,0,0.0,0.0,Low,Poor,Current,High,Human,35.53
59063,Medium,78,6,Infrastructure,Medium,5,Senior,0,15.3,Comprehensive,High,Low,Tight,Medium,1,14,32.3,176,9,0.55,32.4,High,Good,Modern,Low,Human,31.41
43400,High,187,7,Infrastructure,Medium,3,Junior,0,51.4,Comprehensive,High,Medium,Flexible,Low,0,0,0.0,0,0,0.0,0.0,Low,Poor,Current,High,Hybrid,41.61
232749,High,88,8,Web,Critical,17,Senior,1,33.8,Minimal,High,High,Moderate,High,1,11,35.8,66,2,2.81,44.6,Critical,Standard,Modern,High,Human,10.04
1468,Low,56,2,Web,Low,2,Mid,0,63.7,Standard,Standard,High,Moderate,High,0,0,0.0,0,0,0.0,0.0,Low,Poor,Current,High,AI,53.95
162203,High,163,9,Web,High,5,Senior,0,71.3,Standard,Standard,Medium,Moderate,Low,1,4,71.7,37,0,1.34,0.0,Low,Minimal,Dated,Low,Hybrid,23.09
5557,Low,7,2,Data,High,5,Senior,1,53.2,Standard,Standard,High,Moderate,High,0,0,0.0,0,0,0.0,0.0,Low,Poor,Current,High,Human,38.43
103858,Medium,120,1,Infrastructure,Low,3,Mid,0,46.3,Comprehensive,High,High,Moderate,Medium,1,20,29.4,61,11,2.93,48.3,Critical,Poor,Modern,Medium,Human,32.99
54316,High,148,4,Mobile,High,2,Senior,0,55.8,Minimal,Standard,Medium,Moderate,Medium,0,0,0.0,0,0,0.0,0.0,Low,Poor,Current,High,Hybrid,34.8
40249,High,171,7,Infrastructure,Critical,3,Junior,0,56.5,Standard,Real-time,Medium,Flexible,Medium,0,0,0.0,0,0,0.0,0.0,Low,Poor,Current,High,Human,37.13
56324,High,139,7,Security,High,2,Senior,1,79.1,Standard,Real-time,High,Tight,High,0,0,0.0,0,0,0.0,0.0,Low,Poor,Current,High,Human,24.82
64712,High,162,7,Infrastructure,High,7,Senior,1,48.8,Standard,Standard,High,Tight,Low,1,11,61.2,122,2,4.76,34.9,High,Good,Legacy,Medium,Hybrid,17.16
11435,Medium,117,6,Web,Medium,5,Mid,0,64.5,Standard,Standard,Medium,Tight,Medium,0,0,0.0,0,0,0.0,0.0,Low,Poor,Current,High,Hybrid,49.75
129150,Medium,110,2,Infrastructure,High,14,Mid,0,71.7,Standard,High,Medium,Tight,High,1,13,59.5,29,3,1.57,20.3,Medium,Poor,Dated,Unfamiliar,Hybrid,33.75
11462,Medium,71,4,Infrastructure,Low,3,Junior,0,68.2,Comprehensive,Standard,Low,Moderate,Medium,0,0,0.0,0,0,0.0,0.0,Low,Poor,Current,High,Hybrid,51.29
41547,Medium,71,7,Web,Medium,5,Junior,0,48.2,Minimal,Standard,High,Tight,High,1,5,31.6,78,6,8.75,37.1,High,Poor,Modern,Low,Hybrid,36.47
55218,High,147,4,Data,Medium,2,Mid,0,87.2,Standard,Real-time,Medium,Moderate,Medium,0,0,0.0,0,0,0.0,0.0,Low,Poor,Current,High,Hybrid,38.19
16879,Low,42,1,Data,Medium,5,Architect,1,65.7,Comprehensive,Standard,Low,Tight,High,1,14,44.1,67,4,1.17,41.5,High,Good,Dated,Medium,AI,28.32
28527,Low,84,1,Security,Medium,7,Senior,1,61.4,Standard,High,Medium,Tight,High,1,5,32.6,79,6,2.15,35.5,High,Minimal,Modern,Low,Human,29.89
8303,Low,68,2,Web,High,6,Architect,0,45.1,Standard,High,High,Moderate,Medium,1,13,28.5,141,3,1.26,35.0,High,Minimal,Modern,Medium,Human,25.21
240252,High,163,8,Security,High,6,Mid,1,65.6,Standard,Standard,High,Tight,High,1,16,31.1,331,6,0.19,41.0,Critical,Good,Modern,Low,Hybrid,20.59
9178,Low,75,1,Data,High,15,Architect,1,41.7,Standard,Real-time,High,Moderate,High,1,15,5.0,248,9,2.91,41.7,Critical,Good,Dated,Medium,Human,16.15
4506,Low,79,2,Data,Low,1,Senior,1,62.6,Standard,Standard,Low,Moderate,High,0,0,0.0,0,0,0.0,0.0,Low,Poor,Current,High,Hybrid,46.84
41911,Medium,137,4,Security,High,8,Mid,1,58.7,Standard,High,Critical,Flexible,Medium,1,8,47.2,27,2,7.77,14.3,Medium,Minimal,Dated,Low,Human,23.81
338720,High,178,5,Security,High,9,Mid,1,31.6,Standard,Standard,Low,Flexible,High,1,8,52.5,45,3,5.07,17.0,Medium,Good,Modern,Low,Human,27.94
62616,High,145,5,Web,Low,3,Senior,0,52.5,Comprehensive,Standard,Medium,Tight,High,0,0,0.0,0,0,0.0,0.0,Low,Poor,Current,High,Human,34.91
1262,Low,47,2,Mobile,High,4,Mid,1,60.1,Standard,High,High,Tight,Medium,0,0,0.0,0,0,0.0,0.0,Low,Poor,Current,High,Human,44.42
49943,High,166,6,Security,Medium,4,Mid,1,42.1,Standard,Standard,Low,Flexible,Medium,0,0,0.0,0,0,0.0,0.0,Low,Poor,Current,High,Hybrid,35.79
184774,High,158,7,Security,High,7,Mid,1,89.3,Standard,Standard,High,Tight,High,1,9,73.6,98,7,10.34,30.0,High,Poor,Modern,High,Human,18.45
500000,High,163,7,Security,Medium,7,Senior,0,71.6,Comprehensive,Standard,Medium,Moderate,High,1,7,80.9,64,3,1.53,7.2,Low,Minimal,Legacy,Medium,Human,23.13
10107,Low,14,2,Infrastructure,High,7,Mid,0,33.3,Standard,Real-time,Medium,Tight,Medium,1,19,41.6,199,1,2.34,15.5,Medium,Minimal,Legacy,Medium,Hybrid,44.15
191498,High,124,8,Data,High,9,Senior,1,20.6,Comprehensive,High,Critical,Tight,High,1,13,48.1,31,9,1.97,41.5,High,Poor,Modern,Medium,Human,11.17
100356,High,194,9,Security,Critical,20,Mid,1,29.2,Standard,High,Low,Moderate,Medium,1,7,33.3,113,5,10.14,18.3,High,Standard,Modern,High,Human,21.55
2953,Low,35,3,Infrastructure,Medium,1,Mid,0,42.6,Minimal,Standard,Critical,Flexible,High,0,0,0.0,0,0,0.0,0.0,Low,Poor,Current,High,Human,47.99
129854,High,135,6,Data,Low,2,Mid,0,71.9,Standard,Standard,High,Moderate,High,0,0,0.0,0,0,0.0,0.0,Low,Poor,Current,High,Human,38.57
47296,Medium,79,6,Web,High,9,Senior,1,75.4,Standard,High,Low,Tight,Medium,1,25,45.8,110,6,4.65,43.8,Critical,Poor,Legacy,Low,Human,15.66
11429,Medium,98,5,Infrastructure,High,7,Senior,1,52.8,Standard,Standard,Medium,Flexible,High,0,0,0.0,0,0,0.0,0.0,Low,Poor,Current,High,Hybrid,30.44
1863,Low,22,3,Security,Low,0,Senior,0,45.3,Standard,High,Low,Flexible,Medium,0,0,0.0,0,0,0.0,0.0,Low,Poor,Current,High,Hybrid,44.34
6555,Medium,87,6,Data,Low,3,Senior,0,60.1,Minimal,High,High,Tight,High,0,0,0.0,0,0,0.0,0.0,Low,Poor,Current,High,Hybrid,41.51
53007,Medium,82,5,Mobile,High,9,Mid,1,44.5,Minimal,Standard,High,Moderate,Medium,1,19,22.1,339,8,7.27,57.7,Critical,Good,Dated,Medium,Human,26.4
155666,High,146,6,Web,High,12,Junior,0,54.0,Standard,Standard,Medium,Moderate,Low,1,12,48.0,111,4,10.11,29.3,Medium,Minimal,Modern,Low,Human,31.88
12124,Medium,57,8,Data,High,5,Mid,1,64.8,Standard,Real-time,High,Moderate,High,0,0,0.0,0,0,0.0,0.0,Low,Poor,Current,High,Human,34.1
89959,Medium,125,4,Mobile,Low,2,Mid,0,79.1,Standard,High,Critical,Tight,Medium,1,7,45.2,126,2,3.49,16.9,Medium,Standard,Modern,Unfamiliar,Human,34.29
19785,Low,50,2,Infrastructure,Medium,7,Senior,0,53.8,Standard,Standard,High,Tight,Medium,1,15,31.4,130,7,7.8,28.5,High,Poor,Modern,Medium,Hybrid,32.79
69982,Medium,136,5,Security,Low,4,Senior,0,67.4,Minimal,Real-time,Critical,Moderate,High,1,14,51.6,53,5,0.03,11.6,Medium,Poor,Dated,Low,Human,26.62
998,Low,7,2,Mobile,Critical,10,Mid,0,43.9,Minimal,High,High,Tight,Medium,0,0,0.0,0,0,0.0,0.0,Low,Poor,Current,High,Human,49.89
61636,High,156,8,Data,Medium,2,Senior,1,92.5,Standard,Standard,High,Flexible,Low,0,0,0.0,0,0,0.0,0.0,Low,Poor,Current,High,Human,25.38
6419,Medium,92,6,Infrastructure,High,9,Mid,0,59.8,Standard,High,Medium,Tight,Medium,0,0,0.0,0,0,0.0,0.0,Low,Poor,Current,High,Hybrid,45.6
41182,Medium,145,7,Security,High,12,Mid,1,53.6,Standard,High,High,Tight,High,1,12,16.3,288,8,5.78,39.5,Critical,Standard,Modern,Low,Human,21.93
90479,High,188,9,Infrastructure,Critical,8,Architect,0,50.3,Standard,Real-time,High,Moderate,High,1,8,49.0,89,1,5.36,19.0,Low,Good,Legacy,Medium,Hybrid,8.12
155715,High,152,10,Data,Medium,5,Architect,1,31.6,Standard,High,Critical,Tight,Medium,1,17,39.7,61,5,5.65,60.0,Critical,Poor,Modern,Low,Hybrid,2.08
78112,High,178,6,Data,Low,2,Mid,0,76.7,Standard,Standard,Low,Tight,Low,0,0,0.0,0,0,0.0,0.0,Low,Poor,Current,High,Human,46.9
80342,Medium,107,6,Infrastructure,Critical,9,Senior,1,23.0,Comprehensive,Standard,Low,Tight,Medium,1,12,46.2,144,3,0.15,19.7,Medium,Poor,Legacy,Unfamiliar,Human,24.28
230670,High,161,10,Web,High,12,Senior,0,55.5,Comprehensive,Standard,Low,Flexible,High,1,11,80.2,63,3,1.37,1.9,Low,Good,Dated,Medium,Hybrid,21.3
2469,Low,13,3,Data,Low,2,Senior,0,48.5,Standard,Real-time,Medium,Moderate,High,0,0,0.0,0,0,0.0,0.0,Low,Poor,Current,High,AI,45.23
30542,High,135,8,Mobile,Medium,4,Senior,0,50.5,Comprehensive,High,High,Flexible,Medium,0,0,0.0,0,0,0.0,0.0,Low,Poor,Current,High,Hybrid,28.35
65822,High,134,8,Web,Critical,6,Mid,0,67.1,Minimal,High,Medium,Flexible,High,0,0,0.0,0,0,0.0,0.0,Low,Poor,Current,High,Human,32.54
500,Low,40,1,Security,Low,1,Senior,1,61.2,Standard,High,Low,Moderate,High,0,0,0.0,0,0,0.0,0.0,Low,Poor,Current,High,Hybrid,46.89
23800,Low,45,1,Mobile,High,7,Architect,1,57.6,Standard,Real-time,Low,Tight,High,1,5,47.4,61,5,6.18,18.1,Medium,Poor,Modern,High,Human,23.99
134353,High,191,10,Data,High,14,Senior,1,90.0,Standard,Real-time,Medium,Flexible,High,1,11,49.5,34,5,0.83,29.2,High,Poor,Dated,Medium,Human,5.04
8692,Medium,96,3,Web,Low,2,Junior,0,81.0,Minimal,Real-time,Medium,Flexible,Medium,0,0,0.0,0,0,0.0,0.0,Low,Poor,Current,High,Hybrid,52.95
176048,High,187,6,Security,Medium,3,Junior,0,93.1,Standard,Standard,Critical,Flexible,Medium,0,0,0.0,0,0,0.0,0.0,Low,Poor,Current,High,Human,39.29
1569,Low,40,3,Web,Critical,4,Junior,1,58.9,Minimal,High,High,Flexible,High,0,0,0.0,0,0,0.0,0.0,Low,Poor,Current,High,Human,48.82
4224,Low,51,3,Web,Low,1,Mid,0,63.0,Comprehensive,Standard,Medium,Tight,Low,0,0,0.0,0,0,0.0,0.0,Low,Poor,Current,High,AI,55.59
326572,High,150,12,Data,High,12,Architect,1,54.7,Standard,Real-time,Medium,Flexible,High,1,23,41.6,93,8,3.14,43.3,Critical,Standard,Dated,Unfamiliar,Human,2.0
50132,Medium,70,5,Data,Critical,14,Junior,1,35.4,Minimal,Real-time,High,Tight,Medium,1,16,30.3,87,8,2.07,47.9,Critical,Good,Current,Low,Human,32.11
70732,Medium,101,1,Security,High,12,Mid,1,58.6,Comprehensive,High,Low,Moderate,High,1,9,48.8,121,3,5.19,17.2,Medium,Poor,Dated,Unfamiliar,Human,28.24
30535,High,148,8,Data,Low,3,Mid,1,70.1,Minimal,High,Medium,Flexible,Medium,0,0,0.0,0,0,0.0,0.0,Low,Poor,Current,High,Hybrid,33.61
13779,Medium,96,4,Web,Low,0,Junior,0,50.5,Comprehensive,Real-time,Medium,Tight,Medium,0,0,0.0,0,0,0.0,0.0,Low,Poor,Current,High,Hybrid,49.94
106106,High,176,12,Infrastructure,Medium,5,Senior,0,48.4,Standard,Real-time,Critical,Tight,High,1,15,44.4,116,11,5.5,39.3,High,Good,Dated,Medium,Human,11.99
213616,High,195,5,Data,Low,4,Architect,0,77.2,Minimal,Standard,High,Tight,High,1,13,27.5,75,3,4.65,20.8,Medium,Good,Legacy,Medium,Human,20.51
19936,Low,14,3,Security,Medium,7,Architect,0,55.2,Standard,Standard,Medium,Flexible,High,1,11,45.3,153,6,8.17,17.2,Medium,Minimal,Current,Low,Hybrid,22.61
36571,High,151,5,Web,Medium,1,Architect,1,69.4,Comprehensive,Standard,High,Flexible,Low,0,0,0.0,0,0,0.0,0.0,Low,Poor,Current,High,Human,18.69
38675,High,155,11,Data,High,4,Mid,0,74.7,Standard,High,Medium,Tight,Low,0,0,0.0,0,0,0.0,0.0,Low,Poor,Current,High,Hybrid,36.68
114256,High,191,11,Web,Critical,20,Senior,1,69.0,Minimal,High,High,Tight,Medium,1,9,47.8,252,7,6.72,37.3,High,Standard,Dated,High,Human,13.0
228486,High,131,8,Data,High,16,Mid,1,69.9,Comprehensive,High,Critical,Moderate,Medium,1,15,34.3,212,3,4.99,40.6,High,Standard,Modern,Low,Hybrid,14.18
1373,Low,34,1,Web,Low,2,Senior,0,77.0,Minimal,High,Medium,Flexible,High,0,0,0.0,0,0,0.0,0.0,Low,Poor,Current,High,AI,43.96
52301,High,161,10,Mobile,Medium,6,Senior,0,68.5,Minimal,Standard,High,Tight,Low,0,0,0.0,0,0,0.0,0.0,Low,Poor,Current,High,Hybrid,36.76
1785,Low,47,2,Web,Medium,3,Senior,0,74.5,Standard,Standard,Low,Flexible,Medium,0,0,0.0,0,0,0.0,0.0,Low,Poor,Current,High,AI,45.62
2889,Low,29,1,Data,High,12,Junior,0,45.4,Standard,Standard,High,Flexible,High,0,0,0.0,0,0,0.0,0.0,Low,Poor,Current,High,Human,51.71
71952,Medium,113,3,Data,Low,5,Architect,0,29.6,Comprehensive,Standard,Medium,Tight,High,1,3,36.2,69,3,0.42,0.0,Low,Minimal,Current,Medium,Hybrid,35.75
12268,Medium,97,2,Mobile,High,6,Architect,0,67.5,Standard,Real-time,Low,Flexible,High,0,0,0.0,0,0,0.0,0.0,Low,Poor,Current,High,Hybrid,27.07
115082,High,114,8,Infrastructure,Critical,9,Mid,0,66.7,Standard,Standard,High,Tight,High,1,10,39.3,65,8,2.12,32.6,High,Poor,Dated,Medium,Hybrid,20.04
71432,Medium,116,5,Data,High,12,Senior,1,61.1,Minimal,Real-time,Low,Moderate,Low,1,14,55.0,170,6,6.17,52.3,High,Good,Dated,Medium,Human,20.86
53480,High,137,8,Web,High,4,Senior,0,54.5,Minimal,High,Low,Tight,Medium,0,0,0.0,0,0,0.0,0.0,Low,Poor,Current,High,Hybrid,38.19
11483,Low,54,3,Web,Medium,7,Senior,0,63.0,Minimal,High,Critical,Flexible,Medium,1,13,85.0,47,0,0.16,10.6,Low,Poor,Legacy,Low,Human,30.45
14674,Medium,81,5,Security,Low,3,Senior,1,39.0,Minimal,High,Low,Flexible,High,0,0,0.0,0,0,0.0,0.0,Low,Poor,Current,High,Hybrid,33.45
190350,High,126,7,Data,High,4,Senior,1,42.4,Standard,High,Medium,Flexible,High,1,18,5.0,209,10,5.85,42.9,Critical,Poor,Current,Medium,Human,6.17
759,Low,31,3,Web,High,4,Senior,0,55.7,Minimal,Standard,Low,Moderate,Medium,0,0,0.0,0,0,0.0,0.0,Low,Poor,Current,High,Hybrid,46.73
2535,Low,29,1,Infrastructure,Medium,6,Mid,0,67.5,Standard,Standard,High,Tight,Low,0,0,0.0,0,0,0.0,0.0,Low,Poor,Current,High,Hybrid,53.55
36853,High,175,9,Infrastructure,High,5,Mid,0,78.2,Minimal,Standard,High,Flexible,Low,0,0,0.0,0,0,0.0,0.0,Low,Poor,Current,High,Human,38.15
63560,Medium,58,6,Mobile,High,9,Mid,0,38.9,Standard,Standard,Medium,Tight,High,1,12,52.2,51,4,7.49,7.0,Medium,Minimal,Legacy,High,Human,35.22
62263,Medium,94,6,Infrastructure,Low,4,Senior,0,44.7,Standard,Standard,High,Moderate,Low,1,4,54.4,21,4,1.27,26.1,Medium,Standard,Current,Medium,Hybrid,33.61
42291,High,153,8,Web,High,3,Senior,0,87.9,Minimal,High,Medium,Moderate,Medium,0,0,0.0,0,0,0.0,0.0,Low,Poor,Current,High,Hybrid,29.65
108143,High,172,11,Infrastructure,Low,1,Senior,0,83.6,Standard,Real-time,Medium,Flexible,High,1,22,45.4,268,8,0.9,55.0,Critical,Poor,Modern,High,Human,14.93
9346,Medium,88,3,Web,Low,1,Junior,0,91.9,Standard,Real-time,Low,Moderate,Medium,0,0,0.0,0,0,0.0,0.0,Low,Poor,Current,High,Hybrid,53.94
9174,Medium,68,4,Mobile,High,3,Mid,1,72.5,Standard,High,Low,Moderate,Low,0,0,0.0,0,0,0.0,0.0,Low,Poor,Current,High,Human,42.98
5161,Medium,61,3,Data,Low,5,Junior,1,76.1,Standard,Standard,Medium,Moderate,Medium,0,0,0.0,0,0,0.0,0.0,Low,Poor,Current,High,Hybrid,53.26
100163,High,144,8,Security,Medium,6,Senior,0,73.2,Standard,High,Medium,Tight,High,0,0,0.0,0,0,0.0,0.0,Low,Poor,Current,High,Human,28.41
1429,Low,7,1,Mobile,High,11,Senior,1,51.9,Standard,High,Medium,Tight,Low,0,0,0.0,0,0,0.0,0.0,Low,Poor,Current,High,Human,43.54
25700,Low,82,2,Data,Low,6,Mid,0,35.8,Minimal,Real-time,Medium,Tight,Medium,1,3,72.9,46,3,0.63,19.5,Low,Good,Dated,Medium,Hybrid,53.16
639,Low,7,1,Infrastructure,Medium,3,Mid,0,38.2,Comprehensive,Real-time,Medium,Flexible,Medium,0,0,0.0,0,0,0.0,0.0,Low,Poor,Current,High,Hybrid,49.28
53621,High,138,6,Infrastructure,Medium,5,Mid,1,54.0,Comprehensive,High,Medium,Tight,Medium,0,0,0.0,0,0,0.0,0.0,Low,Poor,Current,High,Hybrid,34.76
1900,Low,62,2,Web,High,9,Junior,0,74.3,Minimal,Real-time,Low,Tight,Low,0,0,0.0,0,0,0.0,0.0,Low,Poor,Current,High,Hybrid,62.19
19470,Medium,88,5,Infrastructure,High,14,Mid,1,80.6,Standard,Standard,High,Tight,Low,0,0,0.0,0,0,0.0,0.0,Low,Poor,Current,High,Hybrid,41.19
186980,High,152,10,Data,High,11,Senior,1,35.8,Comprehensive,High,High,Flexible,Medium,1,15,36.3,62,4,3.1,0.9,Medium,Minimal,Legacy,Medium,Human,11.14
81593,Medium,87,3,Security,High,9,Architect,0,52.3,Minimal,Standard,High,Tight,Medium,1,12,18.1,216,7,7.13,40.6,Critical,Minimal,Current,Low,Human,17.86
28893,High,172,7,Web,Low,2,Senior,0,68.0,Comprehensive,Standard,Medium,Flexible,Low,0,0,0.0,0,0,0.0,0.0,Low,Poor,Current,High,Hybrid,30.36
161380,High,182,7,Data,High,9,Senior,1,43.7,Standard,High,High,Moderate,High,1,15,30.8,165,2,2.04,33.4,Medium,Minimal,Legacy,High,Human,14.29
91462,Medium,145,4,Data,High,14,Mid,1,29.3,Minimal,High,Low,Tight,High,1,15,25.2,307,6,20.0,54.3,Critical,Poor,Dated,Medium,Human,24.79
90808,Medium,102,7,Mobile,Medium,5,Mid,1,48.0,Standard,Standard,Medium,Tight,Medium,1,9,63.5,227,4,6.91,17.1,Medium,Poor,Dated,Medium,Hybrid,36.22
215926,High,141,8,Security,Low,4,Senior,1,90.0,Comprehensive,Real-time,High,Tight,Medium,1,16,28.7,105,9,20.0,36.8,Critical,Poor,Modern,Medium,Human,5.57
10442,Low,34,5,Data,High,10,Senior,1,7.9,Standard,Real-time,High,Tight,High,1,14,63.1,143,7,17.62,44.4,Critical,Minimal,Current,Medium,Human,21.34
5017,Low,60,3,Infrastructure,Medium,6,Junior,0,66.8,Minimal,High,Low,Tight,Low,0,0,0.0,0,0,0.0,0.0,Low,Poor,Current,High,AI,66.71
79128,Medium,110,6,Web,Low,4,Architect,1,29.4,Standard,Standard,High,Tight,Medium,1,9,56.2,200,2,1.56,26.8,Medium,Standard,Modern,Low,Hybrid,22.63
59714,High,151,6,Security,Medium,2,Mid,0,70.7,Comprehensive,High,High,Moderate,Medium,0,0,0.0,0,0,0.0,0.0,Low,Poor,Current,High,Hybrid,34.45
61046,High,167,7,Data,High,13,Senior,1,90.0,Standard,High,High,Moderate,High,1,15,17.0,90,9,14.49,23.9,High,Standard,Modern,Low,Human,6.97
249028,High,192,8,Web,Low,1,Mid,0,47.7,Minimal,High,High,Flexible,Medium,1,8,62.3,98,7,2.95,28.7,Medium,Poor,Modern,Medium,Hybrid,29.35
59605,High,148,8,Data,Low,2,Architect,1,66.9,Minimal,Real-time,High,Moderate,Medium,0,0,0.0,0,0,0.0,0.0,Low,Poor,Current,High,Human,19.76
905,Low,7,1,Web,Low,1,Junior,1,64.2,Minimal,Real-time,Critical,Moderate,Medium,0,0,0.0,0,0,0.0,0.0,Low,Poor,Current,High,Human,56.82
1350,Low,25,2,Web,Medium,2,Mid,0,74.9,Comprehensive,Standard,Medium,Flexible,Medium,0,0,0.0,0,0,0.0,0.0,Low,Poor,Current,High,AI,48.49
11438,Medium,55,4,Data,Low,3,Architect,1,55.3,Standard,Standard,Low,Moderate,High,0,0,0.0,0,0,0.0,0.0,Low,Poor,Current,High,Hybrid,30.46
97846,High,187,9,Mobile,High,6,Junior,1,43.3,Standard,High,Medium,Flexible,Low,1,14,79.9,41,5,1.84,16.7,Medium,Minimal,Dated,Low,Human,31.42
116968,High,175,7,Web,High,13,Architect,0,46.6,Standard,High,Medium,Moderate,High,1,9,80.0,51,6,6.16,20.7,Medium,Standard,Dated,Low,Human,10.25
47729,Medium,128,8,Web,Critical,14,Mid,1,39.4,Comprehensive,Standard,Critical,Tight,High,1,10,60.4,30,1,0.9,9.8,Low,Poor,Legacy,Low,Human,25.8
118176,Medium,94,10,Data,Medium,4,Junior,1,76.1,Standard,Standard,Medium,Tight,Medium,1,9,85.0,108,0,7.34,17.5,Medium,Minimal,Dated,Unfamiliar,Human,33.5
13968,Medium,100,5,Infrastructure,High,6,Senior,0,66.9,Comprehensive,Standard,Medium,Flexible,Medium,0,0,0.0,0,0,0.0,0.0,Low,Poor,Current,High,Human,31.19
31064,High,160,8,Security,Medium,3,Junior,1,66.7,Minimal,Standard,Critical,Tight,High,0,0,0.0,0,0,0.0,0.0,Low,Poor,Current,High,Human,42.05
3120,Low,30,1,Web,Critical,6,Mid,0,34.4,Standard,High,High,Tight,Low,0,0,0.0,0,0,0.0,0.0,Low,Poor,Current,High,Human,50.76
23814,Medium,86,6,Security,High,9,Senior,1,49.7,Standard,Standard,Medium,Tight,Low,1,22,25.4,173,4,20.0,34.3,Critical,Standard,Dated,High,Human,20.39
45921,Medium,102,8,Mobile,High,9,Mid,0,61.4,Comprehensive,Standard,Critical,Moderate,Medium,1,11,67.8,137,4,2.49,46.6,Critical,Poor,Current,Medium,Human,21.81
7403,Low,77,4,Security,Medium,6,Mid,0,49.1,Minimal,Real-time,High,Tight,Medium,1,5,65.0,41,0,2.76,17.7,Low,Minimal,Dated,Medium,Hybrid,46.03
103548,Medium,65,4,Infrastructure,Critical,9,Mid,1,56.3,Comprehensive,Real-time,Medium,Tight,Medium,1,10,68.8,269,2,2.77,19.2,Medium,Standard,Dated,Unfamiliar,Human,26.52
8138,Medium,68,5,Data,Medium,6,Senior,0,85.4,Standard,Standard,High,Tight,Medium,0,0,0.0,0,0,0.0,0.0,Low,Poor,Current,High,Hybrid,36.22
1754,Low,16,4,Infrastructure,High,3,Senior,0,46.1,Standard,Standard,Medium,Tight,Low,0,0,0.0,0,0,0.0,0.0,Low,Poor,Current,High,Hybrid,49.45
202501,High,190,13,Web,High,6,Mid,0,69.7,Minimal,High,Critical,Tight,High,1,2,38.9,82,10,13.73,33.8,High,Standard,Current,Medium,Human,18.85
89269,High,153,8,Data,Medium,5,Junior,1,49.6,Standard,Standard,Medium,Tight,Medium,1,11,52.4,183,2,0.22,13.5,Medium,Minimal,Legacy,Medium,Human,35.8
258328,High,172,10,Infrastructure,Medium,2,Mid,0,35.6,Standard,Real-time,High,Moderate,High,1,16,49.3,131,5,4.74,35.2,High,Good,Modern,Medium,Human,23.83
134748,High,163,11,Web,Low,9,Architect,1,47.1,Minimal,Standard,Medium,Moderate,High,1,11,19.3,158,6,7.25,26.4,High,Minimal,Current,High,Human,11.5
30306,High,183,7,Web,Medium,6,Senior,0,97.8,Standard,Standard,Medium,Flexible,High,0,0,0.0,0,0,0.0,0.0,Low,Poor,Current,High,Hybrid,27.67
20580,Medium,92,3,Data,Medium,3,Mid,0,48.3,Standard,Real-time,High,Moderate,High,0,0,0.0,0,0,0.0,0.0,Low,Poor,Current,High,Hybrid,44.15
7009,Medium,88,9,Infrastructure,Low,1,Mid,1,71.1,Minimal,High,Low,Flexible,Medium,0,0,0.0,0,0,0.0,0.0,Low,Poor,Current,High,Hybrid,41.07
58930,High,157,9,Web,High,7,Junior,1,98.0,Comprehensive,High,Low,Tight,Medium,0,0,0.0,0,0,0.0,0.0,Low,Poor,Current,High,Hybrid,40.27
1315,Low,53,2,Security,Low,0,Senior,0,65.3,Standard,Real-time,Medium,Flexible,Medium,0,0,0.0,0,0,0.0,0.0,Low,Poor,Current,High,AI,42.38
252637,High,185,9,Data,Medium,6,Mid,1,78.3,Comprehensive,Real-time,High,Flexible,High,1,18,51.3,198,3,0.25,18.2,High,Good,Dated,Low,Human,12.0
74792,Medium,73,8,Data,Medium,5,Architect,0,67.5,Minimal,High,Medium,Tight,High,1,13,34.4,153,4,0.22,23.6,Medium,Poor,Dated,High,Hybrid,25.29
120868,High,133,7,Mobile,Medium,6,Mid,0,79.6,Standard,High,Medium,Flexible,High,0,0,0.0,0,0,0.0,0.0,Low,Poor,Current,High,Human,35.52
269986,High,116,13,Web,Medium,7,Mid,1,64.9,Standard,High,High,Flexible,High,1,3,60.8,31,4,2.04,14.4,Low,Poor,Dated,Medium,Hybrid,17.82
15561,Medium,59,4,Web,High,6,Senior,0,85.9,Standard,High,Low,Tight,High,0,0,0.0,0,0,0.0,0.0,Low,Poor,Current,High,Hybrid,38.57
2080,Low,16,2,Mobile,Medium,3,Senior,0,63.7,Comprehensive,Standard,Medium,Flexible,Medium,0,0,0.0,0,0,0.0,0.0,Low,Poor,Current,High,AI,42.85
44912,Medium,112,8,Infrastructure,High,9,Senior,0,25.9,Comprehensive,High,Low,Tight,Medium,1,21,5.0,224,7,9.39,22.4,Critical,Standard,Dated,Low,Human,18.87
45649,High,92,7,Infrastructure,High,12,Mid,0,65.3,Minimal,High,High,Moderate,Low,0,0,0.0,0,0,0.0,0.0,Low,Poor,Current,High,Human,35.62
15018,Low,81,4,Data,Medium,5,Mid,1,50.8,Standard,Standard,Medium,Tight,High,1,17,48.7,123,4,8.62,39.2,High,Minimal,Legacy,High,Human,37.42
500000,High,148,10,Security,Low,3,Junior,1,39.3,Minimal,Real-time,Medium,Tight,Medium,1,7,60.3,95,0,1.29,17.9,Low,Poor,Modern,High,Hybrid,43.86
18108,Medium,91,5,Data,Critical,3,Senior,0,60.7,Comprehensive,High,Critical,Tight,Low,0,0,0.0,0,0,0.0,0.0,Low,Poor,Current,High,Human,33.29
500000,High,154,5,Data,Critical,15,Mid,1,69.6,Comprehensive,Standard,High,Flexible,High,1,7,67.2,71,0,0.5,15.6,Low,Poor,Dated,Medium,Human,20.65
15372,Medium,109,5,Web,Medium,4,Senior,1,69.1,Minimal,High,Low,Flexible,Medium,0,0,0.0,0,0,0.0,0.0,Low,Poor,Current,High,Hybrid,34.23
114147,High,180,12,Data,Medium,9,Mid,1,30.3,Standard,High,Medium,Tight,Medium,1,20,19.5,88,8,3.7,29.7,High,Standard,Legacy,Low,Human,21.83
405258,High,200,9,Web,High,7,Senior,0,74.3,Comprehensive,High,High,Tight,Low,1,15,27.3,239,5,7.93,57.0,Critical,Minimal,Dated,Medium,Human,10.63
127363,High,164,10,Web,Medium,4,Junior,1,67.3,Standard,Standard,Medium,Flexible,Low,0,0,0.0,0,0,0.0,0.0,Low,Poor,Current,High,Human,38.6
6925,Medium,110,8,Web,Critical,10,Junior,0,63.8,Comprehensive,High,Medium,Moderate,Medium,0,0,0.0,0,0,0.0,0.0,Low,Poor,Current,High,Human,42.01
7967,Low,67,1,Infrastructure,High,7,Mid,0,47.3,Minimal,Standard,High,Moderate,Medium,1,6,71.5,85,4,0.12,6.4,Medium,Good,Dated,Low,Hybrid,44.44
1046,Low,60,2,Web,High,4,Junior,0,33.4,Minimal,Standard,High,Flexible,Medium,0,0,0.0,0,0,0.0,0.0,Low,Poor,Current,High,Human,55.93
1593,Low,52,3,Web,Low,2,Architect,0,56.0,Standard,High,Medium,Tight,Medium,0,0,0.0,0,0,0.0,0.0,Low,Poor,Current,High,AI,40.9
2231,Low,47,2,Data,High,1,Senior,0,59.3,Standard,Real-time,Medium,Tight,Medium,0,0,0.0,0,0,0.0,0.0,Low,Poor,Current,High,Hybrid,45.86
2073,Low,19,2,Web,Low,3,Mid,1,57.7,Standard,High,Critical,Flexible,High,0,0,0.0,0,0,0.0,0.0,Low,Poor,Current,High,Human,45.54
6329,Medium,112,4,Data,High,10,Senior,1,78.5,Comprehensive,High,High,Flexible,Medium,0,0,0.0,0,0,0.0,0.0,Low,Poor,Current,High,Human,26.07
7081,Low,26,1,Mobile,Low,2,Mid,0,52.2,Standard,Standard,High,Moderate,High,1,13,25.4,47,8,2.2,41.6,High,Standard,Modern,Low,Human,43.6
1327,Low,40,1,Web,High,9,Junior,0,61.4,Comprehensive,Standard,Low,Moderate,Medium,0,0,0.0,0,0,0.0,0.0,Low,Poor,Current,High,Hybrid,56.2
10426,Medium,72,3,Web,Critical,3,Mid,1,48.1,Standard,High,Medium,Moderate,Low,0,0,0.0,0,0,0.0,0.0,Low,Poor,Current,High,Human,42.48
9934,Medium,65,3,Infrastructure,High,8,Architect,0,65.8,Standard,High,High,Flexible,Medium,0,0,0.0,0,0,0.0,0.0,Low,Poor,Current,High,Human,26.48
126892,High,168,8,Infrastructure,High,11,Senior,1,74.2,Comprehensive,Standard,Medium,Tight,Medium,1,11,30.1,103,6,4.33,28.7,High,Standard,Current,Medium,Hybrid,18.93
18452,Medium,91,4,Mobile,Medium,6,Senior,1,65.9,Standard,High,Critical,Moderate,Medium,0,0,0.0,0,0,0.0,0.0,Low,Poor,Current,High,Hybrid,30.04
81176,Medium,129,6,Security,High,7,Architect,1,42.1,Comprehensive,Standard,Medium,Moderate,Low,1,17,23.4,177,5,3.46,28.4,High,Standard,Legacy,Medium,Human,13.64
3955,Low,47,1,Infrastructure,Medium,5,Junior,0,62.0,Standard,Standard,Medium,Tight,High,0,0,0.0,0,0,0.0,0.0,Low,Poor,Current,High,AI,63.15
75315,Medium,95,6,Web,Medium,11,Junior,0,48.0,Standard,High,Medium,Flexible,Medium,1,15,47.9,140,5,0.48,30.8,High,Minimal,Modern,High,Hybrid,36.53
51850,Medium,111,9,Mobile,High,14,Architect,1,89.0,Standard,Standard,High,Flexible,Medium,1,12,58.9,83,3,3.24,13.4,Medium,Good,Legacy,Medium,Human,10.69
35707,Medium,130,6,Data,Critical,11,Senior,0,61.0,Standard,High,Medium,Flexible,High,1,12,50.1,145,5,7.66,27.1,High,Standard,Modern,Medium,Human,19.93
78214,Medium,109,8,Data,Critical,9,Senior,1,46.0,Standard,Standard,Medium,Tight,High,1,12,56.5,61,2,8.21,30.6,Medium,Poor,Dated,Medium,Human,23.31
1318,Low,11,1,Data,Low,0,Mid,0,40.2,Standard,Real-time,Medium,Moderate,Medium,0,0,0.0,0,0,0.0,0.0,Low,Poor,Current,High,AI,53.67
55693,Medium,124,6,Mobile,High,10,Mid,0,38.1,Standard,High,Medium,Tight,Low,1,8,59.6,151,3,5.99,0.0,Low,Standard,Modern,High,Hybrid,42.39
1893,Low,66,1,Web,Medium,5,Senior,0,75.0,Standard,Standard,High,Moderate,Medium,0,0,0.0,0,0,0.0,0.0,Low,Poor,Current,High,Hybrid,46.16
42792,High,129,6,Infrastructure,Low,2,Senior,0,74.9,Standard,High,High,Flexible,Medium,0,0,0.0,0,0,0.0,0.0,Low,Poor,Current,High,Hybrid,29.33
231513,High,140,9,Infrastructure,High,11,Architect,1,40.8,Standard,High,Medium,Flexible,High,1,14,33.3,82,4,0.67,23.6,High,Standard,Legacy,Low,Human,2.77
43484,High,141,6,Security,High,7,Mid,0,78.0,Standard,Standard,Critical,Moderate,Low,0,0,0.0,0,0,0.0,0.0,Low,Poor,Current,High,Human,34.69
160660,High,194,9,Data,Medium,6,Mid,0,46.0,Minimal,Standard,Critical,Flexible,Low,1,14,36.0,114,4,5.99,33.4,Medium,Poor,Legacy,High,Human,25.62
10671,Medium,114,2,Security,Medium,5,Senior,1,72.6,Minimal,Standard,Low,Tight,Medium,0,0,0.0,0,0,0.0,0.0,Low,Poor,Current,High,Hybrid,41.58
709,Low,7,1,Security,Medium,4,Mid,0,48.9,Standard,High,Medium,Moderate,Low,0,0,0.0,0,0,0.0,0.0,Low,Poor,Current,High,AI,53.77
45494,High,166,9,Web,Low,0,Senior,0,62.4,Standard,High,Low,Moderate,Low,0,0,0.0,0,0,0.0,0.0,Low,Poor,Current,High,Hybrid,33.89
33811,High,120,8,Security,Low,1,Architect,1,67.4,Minimal,Standard,Medium,Moderate,Low,0,0,0.0,0,0,0.0,0.0,Low,Poor,Current,High,Human,29.03
14840,Medium,51,5,Web,High,5,Mid,0,44.9,Standard,Standard,Critical,Flexible,Low,0,0,0.0,0,0,0.0,0.0,Low,Poor,Current,High,Human,37.68
5748,Medium,101,1,Security,Low,3,Architect,1,74.9,Comprehensive,Standard,Medium,Moderate,High,0,0,0.0,0,0,0.0,0.0,Low,Poor,Current,High,AI,28.97
22598,Medium,107,4,Mobile,Low,2,Senior,0,44.8,Standard,Standard,Low,Moderate,High,0,0,0.0,0,0,0.0,0.0,Low,Poor,Current,High,Hybrid,45.78
672,Low,30,1,Mobile,Low,2,Senior,1,47.5,Minimal,High,Medium,Tight,High,0,0,0.0,0,0,0.0,0.0,Low,Poor,Current,High,AI,50.27
255709,High,176,8,Infrastructure,Critical,16,Architect,0,90.0,Standard,High,High,Flexible,High,1,5,43.8,99,4,8.55,18.4,Medium,Poor,Current,Medium,Human,6.07
46402,High,146,7,Security,High,3,Mid,0,81.0,Minimal,High,Medium,Tight,High,0,0,0.0,0,0,0.0,0.0,Low,Poor,Current,High,Hybrid,38.19
19499,Medium,58,5,Web,Medium,2,Senior,1,82.5,Standard,High,Medium,Tight,Medium,0,0,0.0,0,0,0.0,0.0,Low,Poor,Current,High,Hybrid,35.13
56636,Medium,74,5,Infrastructure,Critical,13,Mid,0,45.1,Standard,High,Medium,Tight,Medium,1,9,50.6,166,5,2.8,29.5,Medium,Poor,Current,Medium,Human,36.65
34650,Medium,133,2,Mobile,Medium,4,Architect,0,62.9,Standard,Standard,High,Moderate,Medium,1,12,23.9,81,7,0.39,42.4,High,Good,Modern,Medium,Hybrid,24.31
3162,Low,7,3,Security,Low,1,Junior,1,38.1,Comprehensive,High,High,Moderate,Medium,0,0,0.0,0,0,0.0,0.0,Low,Poor,Current,High,Hybrid,56.08
124639,High,142,8,Security,Low,5,Mid,0,50.2,Standard,Standard,Low,Moderate,High,1,12,36.4,56,3,0.08,39.2,Medium,Standard,Modern,Medium,Hybrid,35.08
204490,Medium,138,5,Data,High,11,Mid,1,19.7,Comprehensive,High,Medium,Flexible,High,1,3,62.2,40,4,0.1,7.9,Low,Poor,Current,Medium,Human,28.23
152564,High,156,9,Data,Medium,11,Senior,0,76.7,Standard,Standard,High,Tight,Medium,1,15,35.3,239,6,9.7,42.4,High,Minimal,Dated,Medium,Human,16.73
6711,Medium,47,2,Data,Low,3,Mid,0,24.9,Minimal,Real-time,High,Flexible,Low,0,0,0.0,0,0,0.0,0.0,Low,Poor,Current,High,Hybrid,48.21
386721,High,113,11,Security,Medium,2,Mid,1,67.4,Standard,Real-time,Medium,Flexible,High,1,10,27.6,500,5,3.01,33.1,High,Good,Dated,Unfamiliar,Human,18.32
3359,Low,55,3,Security,Critical,4,Senior,1,44.9,Comprehensive,High,Low,Tight,Medium,0,0,0.0,0,0,0.0,0.0,Low,Poor,Current,High,Human,40.22
153803,High,177,9,Data,Medium,5,Mid,1,37.9,Standard,Real-time,Medium,Flexible,High,1,10,40.0,116,11,1.9,18.7,High,Standard,Dated,Unfamiliar,Human,16.08
36143,Medium,113,3,Data,High,14,Senior,1,90.0,Comprehensive,High,Low,Tight,Medium,1,12,53.6,57,3,5.75,12.1,Medium,Poor,Legacy,Medium,Human,22.65
353387,High,127,10,Data,Critical,10,Senior,1,80.1,Comprehensive,Real-time,Critical,Flexible,Medium,1,14,51.3,365,3,20.0,44.5,Critical,Minimal,Current,Low,Human,2.0
381131,High,137,10,Data,High,9,Senior,1,77.1,Standard,High,High,Moderate,High,1,11,67.0,75,1,4.87,38.3,Medium,Standard,Dated,Medium,Human,11.52
3330,Low,45,3,Security,High,7,Mid,1,54.2,Standard,Standard,High,Flexible,Medium,0,0,0.0,0,0,0.0,0.0,Low,Poor,Current,High,Human,43.28
46799,Low,71,1,Web,Medium,7,Senior,0,44.2,Standard,Standard,High,Flexible,High,1,22,42.6,77,7,12.27,60.0,Critical,Standard,Modern,Low,Human,22.97
7708,Medium,101,5,Security,Critical,9,Mid,1,66.6,Standard,High,Low,Flexible,Medium,0,0,0.0,0,0,0.0,0.0,Low,Poor,Current,High,Human,37.84
9000,Medium,106,6,Infrastructure,Medium,4,Mid,0,83.5,Comprehensive,Standard,Low,Flexible,Medium,0,0,0.0,0,0,0.0,0.0,Low,Poor,Current,High,Hybrid,40.7
337060,High,186,7,Infrastructure,High,11,Mid,1,52.0,Standard,High,Medium,Tight,Medium,1,7,44.7,61,1,0.88,17.9,Low,Poor,Dated,High,Human,29.94
102212,High,149,5,Security,Medium,9,Mid,0,43.2,Standard,Standard,Medium,Moderate,High,1,20,60.0,174,6,9.51,37.6,Critical,Standard,Modern,Low,Human,23.5
31928,Medium,66,7,Mobile,High,5,Architect,0,13.0,Comprehensive,Standard,High,Tight,High,1,6,44.7,60,4,3.97,23.8,Medium,Minimal,Dated,High,Human,20.77
294235,High,150,11,Infrastructure,High,8,Architect,0,57.9,Standard,High,Medium,Moderate,High,1,7,45.3,129,8,5.3,31.0,High,Good,Current,Low,Human,6.28
10520,Medium,76,7,Data,High,8,Senior,0,56.9,Minimal,Standard,Low,Tight,High,0,0,0.0,0,0,0.0,0.0,Low,Poor,Current,High,Hybrid,41.31
9431,Low,52,4,Infrastructure,High,12,Senior,0,64.9,Standard,Standard,Medium,Tight,High,1,4,65.7,60,3,5.86,21.1,Medium,Minimal,Current,High,Hybrid,36.43
9043,Medium,111,5,Infrastructure,High,7,Senior,0,49.2,Minimal,High,Low,Tight,Medium,0,0,0.0,0,0,0.0,0.0,Low,Poor,Current,High,Hybrid,42.91
5695,Medium,55,6,Web,Low,1,Junior,0,54.0,Minimal,High,Medium,Tight,Medium,0,0,0.0,0,0,0.0,0.0,Low,Poor,Current,High,Hybrid,56.75
28586,High,177,10,Data,Medium,2,Junior,0,63.7,Comprehensive,High,Critical,Flexible,Medium,0,0,0.0,0,0,0.0,0.0,Low,Poor,Current,High,Human,35.58
2081,Low,17,2,Infrastructure,Critical,13,Architect,0,44.5,Minimal,Standard,Low,Flexible,High,0,0,0.0,0,0,0.0,0.0,Low,Poor,Current,High,Human,36.5
123222,High,152,7,Mobile,Low,1,Senior,0,60.3,Comprehensive,Real-time,Critical,Moderate,Medium,0,0,0.0,0,0,0.0,0.0,Low,Poor,Current,High,Human,27.0
7097,Medium,104,3,Infrastructure,Low,2,Senior,0,57.1,Minimal,Real-time,Medium,Moderate,Medium,0,0,0.0,0,0,0.0,0.0,Low,Poor,Current,High,Hybrid,43.44
41137,High,156,7,Web,Medium,3,Senior,1,66.9,Comprehensive,High,Low,Tight,High,0,0,0.0,0,0,0.0,0.0,Low,Poor,Current,High,Hybrid,29.6
1877,Low,29,4,Web,Low,3,Junior,0,60.4,Standard,Standard,Low,Tight,Low,0,0,0.0,0,0,0.0,0.0,Low,Poor,Current,High,AI,64.1
39801,Medium,102,5,Infrastructure,High,5,Senior,0,41.7,Standard,Real-time,Critical,Tight,High,1,3,66.2,140,2,1.83,21.6,Medium,Standard,Current,Low,Human,26.91
224874,High,187,10,Infrastructure,Critical,16,Mid,1,70.3,Standard,Real-time,Low,Moderate,Low,1,12,35.3,288,4,8.73,45.9,High,Minimal,Legacy,Medium,Human,15.62
19574,Medium,79,4,Security,High,6,Mid,0,50.9,Standard,Standard,Low,Flexible,High,0,0,0.0,0,0,0.0,0.0,Low,Poor,Current,High,Hybrid,44.7
73737,Medium,107,5,Security,High,11,Senior,0,59.3,Standard,Standard,Medium,Tight,High,1,9,70.1,33,2,1.37,24.9,Low,Standard,Dated,High,Hybrid,36.51
51087,Medium,119,7,Infrastructure,Medium,3,Senior,1,39.1,Comprehensive,Real-time,High,Moderate,Medium,1,15,57.0,217,4,7.43,42.8,High,Good,Modern,Medium,Hybrid,16.29
75294,High,151,9,Infrastructure,Critical,7,Mid,0,70.8,Comprehensive,High,Medium,Tight,High,0,0,0.0,0,0,0.0,0.0,Low,Poor,Current,High,Human,32.43
114579,Medium,81,2,Web,Medium,9,Senior,0,45.8,Minimal,Standard,Low,Moderate,High,1,10,45.0,148,6,4.76,42.8,High,Minimal,Dated,Medium,Hybrid,29.61
2213,Low,8,2,Data,Low,2,Senior,0,53.8,Standard,Real-time,High,Moderate,Low,0,0,0.0,0,0,0.0,0.0,Low,Poor,Current,High,Hybrid,44.0
112496,High,133,7,Mobile,High,4,Senior,0,56.1,Comprehensive,Real-time,High,Flexible,Medium,0,0,0.0,0,0,0.0,0.0,Low,Poor,Current,High,Human,18.07
1744,Low,45,1,Data,High,9,Architect,1,59.6,Minimal,High,Low,Moderate,High,0,0,0.0,0,0,0.0,0.0,Low,Poor,Current,High,Human,33.35
61123,High,127,8,Web,Low,2,Mid,1,96.1,Standard,Standard,Medium,Moderate,Low,0,0,0.0,0,0,0.0,0.0,Low,Poor,Current,High,Human,38.86
170551,High,182,9,Mobile,Medium,6,Junior,1,65.3,Standard,Real-time,High,Tight,Medium,1,12,65.4,72,3,1.89,34.6,Medium,Minimal,Dated,Medium,Hybrid,31.91
10559,Medium,75,6,Mobile,High,5,Mid,0,49.4,Standard,High,High,Flexible,High,0,0,0.0,0,0,0.0,0.0,Low,Poor,Current,High,Human,36.18
80150,High,160,9,Data,Critical,18,Senior,1,65.7,Minimal,High,High,Flexible,Low,1,6,77.6,70,1,9.15,9.6,Low,Poor,Legacy,High,Human,14.58
1408,Low,40,1,Security,Medium,6,Senior,0,33.4,Minimal,Real-time,Critical,Tight,Medium,0,0,0.0,0,0,0.0,0.0,Low,Poor,Current,High,Human,45.86
18264,High,165,8,Data,Medium,5,Junior,0,68.4,Standard,Standard,Low,Tight,High,0,0,0.0,0,0,0.0,0.0,Low,Poor,Current,High,Hybrid,47.18
74328,Medium,125,2,Web,High,11,Junior,0,35.4,Standard,Standard,Critical,Tight,Medium,1,9,29.4,71,9,6.41,32.0,High,Good,Current,Unfamiliar,Human,36.37
182217,High,148,12,Web,Medium,7,Mid,0,71.3,Standard,Standard,Medium,Tight,High,1,19,28.5,98,9,10.39,51.2,Critical,Standard,Modern,Medium,Human,22.64
449321,High,182,9,Infrastructure,High,10,Mid,0,59.0,Standard,High,High,Flexible,High,1,7,68.8,73,4,5.38,32.2,High,Standard,Modern,Low,Human,20.18
185934,High,146,12,Data,High,9,Senior,1,71.4,Minimal,High,Medium,Moderate,Medium,1,8,67.7,227,6,1.2,23.3,Medium,Minimal,Dated,Low,Human,14.39
24421,Medium,108,2,Infrastructure,High,10,Mid,0,79.6,Standard,Real-time,Low,Flexible,High,0,0,0.0,0,0,0.0,0.0,Low,Poor,Current,High,Hybrid,39.16
21715,High,166,7,Infrastructure,Medium,6,Mid,0,64.7,Comprehensive,Real-time,Medium,Flexible,Medium,0,0,0.0,0,0,0.0,0.0,Low,Poor,Current,High,Hybrid,31.77
11794,Medium,78,8,Web,Low,1,Senior,0,56.9,Standard,Standard,High,Tight,Medium,0,0,0.0,0,0,0.0,0.0,Low,Poor,Current,High,Hybrid,42.27
18869,Medium,83,4,Web,Low,0,Mid,0,68.2,Standard,High,Medium,Tight,Medium,0,0,0.0,0,0,0.0,0.0,Low,Poor,Current,High,Hybrid,51.45
2221,Low,15,3,Web,High,9,Mid,0,23.0,Standard,Standard,Medium,Moderate,Low,0,0,0.0,0,0,0.0,0.0,Low,Poor,Current,High,Hybrid,52.5
66777,Medium,100,3,Security,Low,6,Junior,0,56.7,Minimal,Real-time,Critical,Moderate,Medium,1,16,12.2,52,6,9.3,48.8,Critical,Standard,Dated,Medium,Human,35.24
87650,High,148,6,Web,High,6,Architect,1,98.0,Standard,High,Critical,Flexible,Medium,0,0,0.0,0,0,0.0,0.0,Low,Poor,Current,High,Human,12.44
90620,Medium,60,8,Data,Medium,9,Senior,0,20.0,Standard,High,Critical,Moderate,High,1,8,70.9,123,5,2.01,10.9,Low,Poor,Modern,Medium,Human,27.24
51930,High,163,8,Infrastructure,Low,2,Architect,0,92.4,Minimal,Real-time,High,Tight,Medium,0,0,0.0,0,0,0.0,0.0,Low,Poor,Current,High,Hybrid,27.02
161479,High,108,11,Web,High,13,Senior,0,65.8,Minimal,Real-time,Low,Tight,High,1,10,50.7,64,2,6.89,10.2,Medium,Minimal,Legacy,Low,Human,18.61
1207,Low,7,2,Data,High,5,Mid,1,40.8,Standard,Standard,Medium,Tight,Medium,0,0,0.0,0,0,0.0,0.0,Low,Poor,Current,High,Human,52.05
14436,Medium,103,3,Web,Medium,0,Junior,1,55.6,Comprehensive,High,Medium,Tight,High,0,0,0.0,0,0,0.0,0.0,Low,Poor,Current,High,Hybrid,47.26
10885,Medium,78,6,Web,High,6,Mid,0,81.2,Minimal,High,High,Tight,High,0,0,0.0,0,0,0.0,0.0,Low,Poor,Current,High,Human,45.79
37383,Medium,94,3,Data,Low,4,Senior,0,60.3,Minimal,Real-time,High,Flexible,Medium,0,0,0.0,0,0,0.0,0.0,Low,Poor,Current,High,Hybrid,36.61
2425,Low,19,2,Web,Medium,3,Mid,0,43.2,Standard,Real-time,Medium,Tight,Low,0,0,0.0,0,0,0.0,0.0,Low,Poor,Current,High,AI,51.16
283428,High,156,7,Data,Critical,9,Senior,1,76.1,Standard,High,Medium,Flexible,Medium,1,16,28.8,159,3,20.0,24.8,High,Minimal,Modern,High,Human,6.59
38314,High,131,9,Data,Medium,4,Junior,1,98.0,Standard,Standard,Low,Moderate,High,0,0,0.0,0,0,0.0,0.0,Low,Poor,Current,High,Hybrid,40.91
200369,High,127,2,Web,Low,3,Mid,0,42.9,Standard,High,Medium,Tight,Medium,1,15,9.5,148,5,0.97,48.9,High,Good,Modern,Low,Human,33.7
16793,Medium,99,3,Web,Low,0,Senior,0,80.7,Standard,Standard,High,Moderate,Medium,0,0,0.0,0,0,0.0,0.0,Low,Poor,Current,High,Hybrid,40.93
81082,Medium,100,7,Data,Medium,6,Architect,1,24.5,Comprehensive,High,High,Tight,High,1,13,48.5,87,5,3.5,39.2,High,Poor,Current,Low,Human,11.25
54774,Medium,122,2,Infrastructure,Critical,11,Architect,0,55.5,Minimal,Standard,High,Tight,High,1,11,56.0,80,9,5.79,29.5,High,Standard,Modern,High,Human,20.25
90638,High,156,7,Security,Critical,11,Mid,1,90.3,Standard,High,High,Moderate,Low,0,0,0.0,0,0,0.0,0.0,Low,Poor,Current,High,Human,26.72
47412,Medium,73,4,Infrastructure,Critical,10,Mid,0,25.5,Comprehensive,Standard,High,Flexible,High,1,17,60.5,66,4,2.51,39.5,High,Standard,Dated,Medium,Human,25.61
126296,High,111,11,Data,High,12,Senior,0,16.1,Standard,Standard,High,Flexible,Medium,1,19,38.1,278,9,5.18,51.8,Critical,Minimal,Modern,Medium,Human,9.2
50184,High,132,8,Data,Low,1,Architect,0,74.0,Standard,High,Medium,Flexible,High,0,0,0.0,0,0,0.0,0.0,Low,Poor,Current,High,Human,21.89
1442,Low,34,1,Web,Low,3,Mid,0,57.5,Standard,High,High,Flexible,Medium,0,0,0.0,0,0,0.0,0.0,Low,Poor,Current,High,AI,49.76
1272,Low,65,3,Infrastructure,High,4,Senior,0,61.8,Minimal,Standard,Critical,Tight,Medium,0,0,0.0,0,0,0.0,0.0,Low,Poor,Current,High,Human,46.05
16001,Medium,61,6,Web,Critical,3,Junior,0,75.4,Minimal,Real-time,High,Flexible,Medium,0,0,0.0,0,0,0.0,0.0,Low,Poor,Current,High,Human,41.09
35337,Medium,107,5,Web,Medium,6,Senior,1,74.1,Minimal,Standard,Medium,Moderate,Medium,1,12,28.3,239,7,1.34,38.2,High,Minimal,Modern,Medium,Hybrid,24.35
280668,High,171,8,Web,Medium,6,Senior,1,81.0,Standard,High,Medium,Moderate,Medium,1,18,38.8,205,8,20.0,40.2,High,Standard,Dated,Medium,Human,10.49
404971,High,196,8,Security,Medium,4,Mid,1,34.2,Standard,Standard,Critical,Moderate,High,1,10,50.0,71,6,4.15,20.6,Medium,Minimal,Current,Medium,Human,26.87
18513,Medium,27,5,Web,Low,2,Mid,1,64.9,Standard,High,Medium,Tight,High,0,0,0.0,0,0,0.0,0.0,Low,Poor,Current,High,Hybrid,45.49
143867,High,168,15,Infrastructure,Medium,6,Senior,0,37.7,Standard,Standard,Critical,Moderate,Medium,1,13,38.6,148,7,8.81,40.1,Critical,Poor,Modern,High,Human,8.74
95092,High,178,9,Web,Medium,2,Architect,1,59.6,Standard,Real-time,High,Moderate,High,1,9,84.6,69,5,8.86,12.9,Medium,Poor,Legacy,Unfamiliar,Hybrid,2.0
90305,Medium,96,3,Data,High,9,Senior,1,42.6,Standard,High,Low,Moderate,Medium,1,8,51.8,119,1,4.61,8.9,Low,Minimal,Modern,High,Human,31.91
108787,High,152,7,Data,Medium,6,Architect,0,71.3,Minimal,High,Medium,Flexible,Medium,1,9,24.6,181,3,3.65,28.6,Medium,Standard,Dated,Medium,Human,16.37
1072,Low,7,1,Web,Medium,2,Mid,0,63.8,Minimal,High,High,Flexible,High,0,0,0.0,0,0,0.0,0.0,Low,Poor,Current,High,Hybrid,51.37
10627,Medium,69,3,Mobile,High,7,Junior,0,69.1,Minimal,Standard,Medium,Moderate,Low,0,0,0.0,0,0,0.0,0.0,Low,Poor,Current,High,Hybrid,53.11
22834,Medium,83,5,Data,Low,3,Mid,1,65.9,Comprehensive,Standard,Low,Flexible,Low,0,0,0.0,0,0,0.0,0.0,Low,Poor,Current,High,Hybrid,43.98
1963,Low,9,2,Mobile,Medium,2,Junior,0,76.0,Standard,Standard,Low,Flexible,High,0,0,0.0,0,0,0.0,0.0,Low,Poor,Current,High,AI,57.46
230711,High,136,7,Security,Medium,6,Mid,1,44.7,Standard,Standard,High,Tight,Low,1,10,52.1,70,5,13.64,36.3,High,Minimal,Current,Low,Human,22.98
9874,Medium,91,5,Web,High,3,Junior,0,60.6,Minimal,Standard,Low,Moderate,Medium,0,0,0.0,0,0,0.0,0.0,Low,Poor,Current,High,Hybrid,53.74
166941,High,161,7,Security,Low,1,Senior,0,77.0,Comprehensive,Standard,Critical,Tight,Low,0,0,0.0,0,0,0.0,0.0,Low,Poor,Current,High,Human,32.81
42092,Medium,90,7,Web,High,6,Mid,1,33.9,Comprehensive,Standard,Medium,Moderate,Low,1,8,52.1,12,4,0.67,6.3,Low,Minimal,Modern,Medium,Human,35.2
66797,High,193,8,Data,High,5,Senior,0,74.4,Comprehensive,Real-time,High,Flexible,Medium,0,0,0.0,0,0,0.0,0.0,Low,Poor,Current,High,Human,22.25
39288,Medium,92,5,Web,Medium,13,Mid,0,38.1,Comprehensive,Real-time,High,Tight,High,1,11,25.6,210,9,0.46,41.4,Critical,Poor,Current,Medium,Human,29.09
5180,Low,38,1,Infrastructure,Medium,3,Junior,0,59.1,Standard,Standard,High,Tight,Low,0,0,0.0,0,0,0.0,0.0,Low,Poor,Current,High,Hybrid,60.28
15812,Medium,98,4,Data,Medium,6,Mid,1,67.3,Standard,High,High,Moderate,Low,0,0,0.0,0,0,0.0,0.0,Low,Poor,Current,High,Hybrid,41.53
76644,Medium,115,3,Web,Medium,2,Senior,0,50.2,Standard,High,High,Tight,High,1,9,35.6,95,8,16.86,58.0,High,Minimal,Modern,Low,Human,23.54
80509,High,167,8,Web,Medium,8,Senior,0,75.8,Minimal,Real-time,Critical,Flexible,Low,1,6,85.0,123,5,0.18,17.4,Low,Poor,Dated,High,Human,20.38
1342,Low,38,2,Mobile,Critical,7,Senior,0,63.4,Minimal,High,Medium,Tight,Medium,0,0,0.0,0,0,0.0,0.0,Low,Poor,Current,High,Human,47.77
11952,Medium,95,4,Mobile,Critical,5,Mid,1,64.4,Standard,Standard,Medium,Flexible,Low,0,0,0.0,0,0,0.0,0.0,Low,Poor,Current,High,Human,39.16
55843,Medium,88,5,Data,Medium,10,Senior,0,22.3,Comprehensive,Standard,Critical,Tight,High,1,2,61.1,85,0,0.2,12.8,Low,Standard,Current,Medium,Human,34.91
26329,High,164,8,Web,Low,2,Junior,0,75.5,Standard,High,Medium,Tight,High,0,0,0.0,0,0,0.0,0.0,Low,Poor,Current,High,Hybrid,47.79
63540,High,146,7,Infrastructure,High,7,Mid,1,92.4,Minimal,High,Low,Moderate,Low,0,0,0.0,0,0,0.0,0.0,Low,Poor,Current,High,Human,36.94
56659,Medium,50,5,Data,Medium,11,Senior,1,42.3,Comprehensive,Standard,Low,Tight,High,1,17,16.4,86,8,20.0,46.7,Critical,Good,Modern,Medium,Human,20.65
136506,High,179,9,Web,Medium,1,Mid,0,63.7,Minimal,Standard,Low,Moderate,Low,0,0,0.0,0,0,0.0,0.0,Low,Poor,Current,High,Human,44.01
19558,Medium,88,3,Web,Medium,6,Mid,0,45.1,Standard,Real-time,Medium,Flexible,Medium,0,0,0.0,0,0,0.0,0.0,Low,Poor,Current,High,Hybrid,43.48
8053,Medium,133,4,Data,Medium,2,Mid,0,48.7,Standard,Real-time,High,Tight,Medium,0,0,0.0,0,0,0.0,0.0,Low,Poor,Current,High,Hybrid,44.87
3174,Low,10,1,Mobile,High,5,Architect,0,71.7,Comprehensive,High,Medium,Flexible,High,0,0,0.0,0,0,0.0,0.0,Low,Poor,Current,High,Hybrid,29.72
57428,High,219,10,Data,High,12,Senior,1,78.5,Standard,High,Medium,Moderate,Low,1,16,64.3,177,6,9.33,30.7,High,Poor,Dated,Low,Human,12.76
137837,High,149,9,Web,Critical,11,Mid,0,45.4,Minimal,High,Critical,Tight,High,1,15,26.4,101,6,14.28,55.4,Critical,Minimal,Modern,High,Human,17.35
32638,High,167,9,Web,Medium,5,Senior,0,88.2,Comprehensive,High,High,Tight,Low,0,0,0.0,0,0,0.0,0.0,Low,Poor,Current,High,Hybrid,31.24
39419,Medium,119,4,Security,High,6,Architect,1,60.8,Standard,Standard,Low,Moderate,High,1,16,25.6,135,4,2.9,57.8,Critical,Good,Dated,Unfamiliar,Human,12.03
39043,Low,57,5,Mobile,High,5,Senior,0,47.6,Comprehensive,Standard,Critical,Moderate,High,1,23,26.3,122,2,0.42,35.3,High,Standard,Dated,Low,Human,25.55
52320,High,185,8,Security,Medium,7,Senior,0,53.6,Comprehensive,High,Low,Moderate,High,0,0,0.0,0,0,0.0,0.0,Low,Poor,Current,High,Hybrid,29.87
1833,Low,15,2,Web,Medium,6,Mid,0,74.0,Minimal,High,High,Moderate,High,0,0,0.0,0,0,0.0,0.0,Low,Poor,Current,High,Hybrid,48.63
70972,High,168,9,Infrastructure,Medium,6,Senior,0,89.3,Standard,Standard,Critical,Tight,High,1,20,22.7,64,8,11.67,56.0,Critical,Standard,Legacy,Unfamiliar,Human,5.37
1859,Low,22,2,Data,Low,2,Mid,0,45.5,Standard,Standard,Critical,Flexible,High,0,0,0.0,0,0,0.0,0.0,Low,Poor,Current,High,Human,49.45
70806,High,177,7,Web,High,4,Mid,1,83.9,Minimal,High,Low,Tight,Low,0,0,0.0,0,0,0.0,0.0,Low,Poor,Current,High,Human,37.31
101537,Medium,88,6,Infrastructure,Medium,3,Mid,1,52.7,Comprehensive,Standard,High,Flexible,Medium,1,6,64.9,116,0,2.4,4.2,Low,Standard,Modern,Medium,Hybrid,34.61
1649,Low,53,1,Security,Critical,9,Senior,1,64.3,Standard,High,Medium,Moderate,Low,0,0,0.0,0,0,0.0,0.0,Low,Poor,Current,High,Human,43.16
194073,High,134,10,Data,Low,3,Senior,1,66.4,Comprehensive,High,High,Tight,Medium,1,7,45.4,71,0,2.4,7.4,Low,Standard,Modern,Low,Hybrid,21.27
167533,High,219,8,Web,High,13,Architect,1,32.8,Standard,High,Low,Moderate,High,1,15,24.5,105,9,10.68,48.8,Critical,Standard,Current,Low,Human,4.47
1380,Low,33,2,Web,Low,3,Junior,0,55.5,Comprehensive,Real-time,Critical,Moderate,Medium,0,0,0.0,0,0,0.0,0.0,Low,Poor,Current,High,Human,52.09
14616,High,170,8,Security,Low,3,Senior,1,71.2,Standard,High,High,Moderate,Low,0,0,0.0,0,0,0.0,0.0,Low,Poor,Current,High,Hybrid,29.97
172715,High,151,10,Web,Medium,12,Mid,0,72.3,Standard,Standard,Medium,Tight,High,1,3,58.9,23,2,0.45,4.1,Low,Minimal,Current,Low,Hybrid,33.78
54886,High,160,9,Infrastructure,Low,2,Senior,0,69.1,Standard,Real-time,High,Tight,High,0,0,0.0,0,0,0.0,0.0,Low,Poor,Current,High,Hybrid,30.77
60876,Medium,130,6,Data,High,11,Senior,1,40.4,Standard,Standard,Medium,Tight,High,1,16,68.1,99,10,9.35,29.1,Critical,Minimal,Current,Low,Human,20.04
182701,High,193,9,Data,High,4,Architect,1,90.0,Standard,Standard,Low,Moderate,Medium,1,8,84.4,73,6,6.76,13.6,Medium,Poor,Current,Medium,Human,13.77
385347,High,148,9,Data,High,9,Architect,1,52.1,Minimal,High,Critical,Tight,Low,1,8,70.3,37,4,0.35,28.5,Medium,Poor,Dated,High,Human,12.78
48829,Medium,102,7,Infrastructure,Medium,8,Junior,1,65.4,Standard,High,High,Tight,High,1,19,37.7,222,5,0.38,27.8,High,Standard,Dated,Medium,Human,36.26
15142,Low,67,3,Infrastructure,High,15,Senior,0,52.8,Standard,Standard,Critical,Tight,Low,1,10,43.0,143,6,4.02,32.5,High,Minimal,Legacy,Low,Human,26.72
23273,High,149,7,Security,High,3,Senior,1,75.5,Standard,Standard,Low,Tight,High,0,0,0.0,0,0,0.0,0.0,Low,Poor,Current,High,Human,30.98
340686,High,166,7,Security,High,6,Mid,1,40.3,Standard,Standard,Critical,Moderate,High,1,6,85.0,30,0,1.17,0.0,Low,Standard,Current,High,Human,27.44
42300,Medium,75,7,Security,Low,5,Senior,1,46.3,Standard,High,High,Tight,Medium,1,14,33.9,111,4,6.63,18.3,High,Good,Modern,High,Hybrid,27.55
12203,Low,21,3,Data,Critical,11,Junior,1,72.9,Standard,High,High,Flexible,High,1,18,31.5,82,8,4.97,35.9,High,Minimal,Dated,Medium,Human,31.59
8018,Medium,62,5,Security,Medium,2,Mid,1,66.3,Standard,Standard,High,Moderate,Medium,0,0,0.0,0,0,0.0,0.0,Low,Poor,Current,High,Hybrid,38.82
8581,Medium,82,2,Infrastructure,Critical,16,Mid,0,46.3,Standard,Standard,Low,Tight,Medium,0,0,0.0,0,0,0.0,0.0,Low,Poor,Current,High,Human,49.45
5989,Low,30,4,Data,High,11,Senior,1,45.3,Comprehensive,High,Low,Moderate,Medium,1,18,85.0,44,2,0.12,6.2,Low,Good,Legacy,High,Human,35.96
9998,Medium,68,4,Data,Medium,3,Junior,0,81.4,Minimal,Standard,Medium,Tight,Medium,0,0,0.0,0,0,0.0,0.0,Low,Poor,Current,High,Hybrid,58.1
16989,Low,99,4,Data,Low,2,Mid,1,52.8,Minimal,High,High,Tight,Medium,1,11,43.3,108,1,1.16,16.1,Medium,Minimal,Current,High,Human,48.4
52063,Medium,134,4,Infrastructure,High,14,Mid,1,35.2,Standard,High,High,Moderate,Medium,1,20,39.7,117,7,8.51,47.0,Critical,Good,Dated,High,Human,24.38
55440,Medium,116,8,Web,Medium,7,Senior,0,22.4,Comprehensive,High,Medium,Tight,High,1,20,47.5,127,7,6.47,25.1,High,Minimal,Legacy,High,Human,26.36
78507,Medium,103,9,Security,High,14,Architect,1,55.3,Comprehensive,Standard,High,Tight,Medium,1,8,23.0,42,4,3.16,25.9,Medium,Standard,Current,Medium,Human,18.53
47161,High,130,7,Data,Medium,5,Senior,0,87.8,Minimal,Standard,Medium,Moderate,Medium,0,0,0.0,0,0,0.0,0.0,Low,Poor,Current,High,Human,36.64
23306,High,136,6,Data,Low,0,Senior,0,98.0,Standard,Real-time,Low,Flexible,High,0,0,0.0,0,0,0.0,0.0,Low,Poor,Current,High,Hybrid,28.74
322061,High,187,7,Web,Medium,15,Senior,0,19.1,Minimal,Standard,High,Tight,High,1,18,56.6,100,5,1.8,39.6,High,Poor,Legacy,Medium,Human,23.16
10923,Medium,87,5,Infrastructure,High,6,Mid,0,36.4,Standard,High,Medium,Flexible,High,0,0,0.0,0,0,0.0,0.0,Low,Poor,Current,High,Hybrid,38.93
50743,Medium,111,6,Web,Low,6,Senior,0,16.4,Standard,High,Medium,Tight,High,1,4,58.5,21,1,0.52,0.0,Low,Standard,Current,Medium,Hybrid,39.12
3441,Low,7,3,Mobile,Medium,6,Senior,0,52.5,Comprehensive,High,Medium,Moderate,Medium,0,0,0.0,0,0,0.0,0.0,Low,Poor,Current,High,AI,44.17
61646,High,157,10,Data,High,5,Mid,1,93.4,Standard,High,High,Flexible,Low,0,0,0.0,0,0,0.0,0.0,Low,Poor,Current,High,Human,26.71
1531,Low,47,1,Web,Medium,6,Architect,0,51.3,Standard,Standard,Medium,Tight,High,0,0,0.0,0,0,0.0,0.0,Low,Poor,Current,High,AI,44.24
222265,High,163,8,Mobile,Medium,4,Junior,0,79.1,Standard,High,Low,Tight,Medium,1,17,18.2,80,5,1.72,45.1,Critical,Minimal,Dated,Low,Human,31.7
14942,Medium,108,1,Infrastructure,High,9,Senior,0,51.3,Comprehensive,High,Medium,Flexible,High,0,0,0.0,0,0,0.0,0.0,Low,Poor,Current,High,Hybrid,30.73
57017,Medium,73,3,Infrastructure,High,9,Architect,1,5.0,Minimal,Standard,Medium,Tight,Medium,1,20,34.5,158,6,1.81,57.5,Critical,Minimal,Modern,High,Human,19.81
1378,Low,28,3,Security,Medium,6,Senior,0,58.7,Standard,Standard,Critical,Flexible,High,0,0,0.0,0,0,0.0,0.0,Low,Poor,Current,High,Human,40.06
137028,High,181,10,Web,High,16,Mid,1,46.0,Standard,Standard,Medium,Tight,Medium,1,9,49.7,98,3,1.34,23.8,Medium,Standard,Dated,High,Human,27.92
28661,Medium,99,5,Mobile,Medium,9,Senior,0,71.1,Minimal,High,High,Tight,High,1,13,50.9,73,7,3.83,36.7,High,Minimal,Modern,Unfamiliar,Human,26.62
1849,Low,24,5,Infrastructure,High,6,Mid,1,50.9,Standard,Standard,Medium,Flexible,Medium,0,0,0.0,0,0,0.0,0.0,Low,Poor,Current,High,Human,45.16
11171,Low,86,4,Mobile,Medium,4,Mid,0,16.5,Standard,High,Low,Tight,Medium,1,5,60.7,110,4,0.64,18.1,Low,Minimal,Current,Low,Hybrid,50.3
19176,Low,27,1,Data,Medium,9,Senior,0,12.0,Standard,Standard,High,Flexible,High,1,19,37.4,229,7,10.27,43.1,Critical,Good,Current,Medium,Human,30.9
62354,Medium,86,7,Infrastructure,Medium,7,Mid,0,64.8,Comprehensive,Standard,Critical,Flexible,Medium,1,16,50.8,99,5,10.04,36.1,High,Poor,Modern,Low,Human,23.79
1959,Low,16,2,Data,Medium,3,Senior,0,78.7,Standard,Real-time,Medium,Flexible,Medium,0,0,0.0,0,0,0.0,0.0,Low,Poor,Current,High,AI,37.76
36734,High,168,5,Web,Low,5,Senior,0,74.9,Minimal,Standard,High,Flexible,Medium,0,0,0.0,0,0,0.0,0.0,Low,Poor,Current,High,Hybrid,31.51
91762,Medium,92,7,Infrastructure,Medium,11,Mid,0,27.5,Minimal,Real-time,High,Moderate,High,1,5,67.1,47,1,2.41,5.1,Low,Good,Dated,Medium,Hybrid,37.0
44030,Medium,87,5,Data,Low,5,Senior,1,45.7,Minimal,High,High,Moderate,Medium,1,12,35.6,39,7,3.59,19.1,Medium,Poor,Modern,High,Hybrid,28.91
1274,Low,54,2,Web,Medium,8,Junior,1,66.7,Standard,High,Medium,Tight,Low,0,0,0.0,0,0,0.0,0.0,Low,Poor,Current,High,Hybrid,56.19
34637,High,109,6,Data,High,4,Mid,1,57.9,Minimal,Real-time,High,Flexible,Low,0,0,0.0,0,0,0.0,0.0,Low,Poor,Current,High,Human,33.58
500000,High,166,10,Mobile,Low,3,Architect,0,40.9,Comprehensive,High,Medium,Moderate,Medium,1,9,54.9,224,0,3.49,28.8,Medium,Good,Modern,Medium,Human,11.62
9074,Medium,67,6,Data,High,10,Senior,1,46.3,Comprehensive,Standard,Medium,Tight,High,0,0,0.0,0,0,0.0,0.0,Low,Poor,Current,High,Human,32.2
48987,High,151,7,Security,Medium,4,Architect,0,54.3,Standard,High,High,Flexible,Low,0,0,0.0,0,0,0.0,0.0,Low,Poor,Current,High,Human,19.48
25202,Low,56,3,Infrastructure,Low,4,Mid,0,60.8,Comprehensive,High,Medium,Tight,Medium,1,3,38.2,112,8,1.55,20.5,Medium,Poor,Current,Medium,AI,43.59
50302,Medium,69,5,Infrastructure,Low,6,Junior,0,53.4,Minimal,Real-time,Critical,Moderate,Medium,1,21,49.1,82,6,20.0,41.7,High,Standard,Dated,High,Human,34.36
27168,Medium,109,4,Data,Critical,9,Junior,1,49.9,Standard,Real-time,Medium,Moderate,Low,0,0,0.0,0,0,0.0,0.0,Low,Poor,Current,High,Human,43.45
29598,Medium,96,7,Data,Medium,6,Mid,0,33.7,Comprehensive,High,Low,Flexible,Medium,1,11,16.7,251,7,5.26,49.7,Critical,Minimal,Dated,Low,Human,24.34
96643,Medium,83,2,Web,High,15,Senior,0,51.9,Comprehensive,High,High,Tight,High,1,3,71.6,170,0,0.99,6.5,Low,Minimal,Current,Medium,Human,30.6
45571,Medium,143,9,Data,Medium,2,Architect,1,40.5,Standard,Real-time,Critical,Moderate,Medium,1,13,34.3,69,9,2.43,34.6,High,Standard,Modern,High,Human,12.41
165577,High,159,9,Infrastructure,Medium,4,Senior,0,46.8,Standard,High,Medium,Moderate,High,1,5,55.0,122,0,0.8,16.8,Medium,Minimal,Current,Low,Hybrid,20.96
23306,High,123,6,Data,High,3,Junior,1,42.1,Standard,Standard,High,Flexible,Medium,0,0,0.0,0,0,0.0,0.0,Low,Poor,Current,High,Human,38.18
15656,Medium,104,5,Security,Medium,8,Mid,0,75.6,Comprehensive,Standard,Medium,Moderate,High,0,0,0.0,0,0,0.0,0.0,Low,Poor,Current,High,Hybrid,43.71
13315,Low,80,5,Infrastructure,Low,7,Mid,0,52.5,Comprehensive,Standard,High,Moderate,Medium,1,13,57.2,85,8,6.39,31.3,High,Poor,Dated,Unfamiliar,Human,30.96
437212,High,148,10,Web,Low,4,Senior,0,63.4,Minimal,Real-time,Medium,Flexible,Medium,1,15,21.3,164,5,3.01,27.2,High,Minimal,Dated,Medium,Human,17.9
21433,Medium,110,4,Web,High,3,Mid,0,59.1,Standard,Standard,Critical,Flexible,Medium,0,0,0.0,0,0,0.0,0.0,Low,Poor,Current,High,Hybrid,38.94
13479,High,152,7,Data,Low,1,Senior,0,56.2,Comprehensive,Standard,Low,Moderate,Medium,0,0,0.0,0,0,0.0,0.0,Low,Poor,Current,High,Hybrid,36.5
16843,Low,27,1,Web,Critical,13,Junior,1,54.6,Standard,High,Medium,Tight,Low,1,11,75.9,214,4,8.5,22.1,Medium,Minimal,Dated,Low,Human,42.06
247378,High,191,9,Web,Medium,3,Junior,0,50.5,Minimal,High,High,Moderate,High,1,18,55.7,98,6,5.53,43.3,Critical,Standard,Modern,Medium,Human,27.67
2445,Low,18,1,Infrastructure,Medium,4,Senior,1,52.0,Standard,High,Medium,Moderate,Medium,0,0,0.0,0,0,0.0,0.0,Low,Poor,Current,High,Hybrid,42.36
61088,Medium,78,3,Security,Critical,12,Mid,0,41.2,Standard,High,Critical,Flexible,Low,1,17,43.1,253,7,13.98,42.0,Critical,Good,Modern,Medium,Human,20.22
124579,High,132,8,Web,High,8,Senior,0,29.3,Standard,Standard,High,Moderate,Low,1,12,72.6,100,7,0.05,35.4,High,Minimal,Dated,High,Human,19.02
1894,Low,23,1,Web,High,5,Mid,0,61.8,Standard,Standard,High,Moderate,Medium,0,0,0.0,0,0,0.0,0.0,Low,Poor,Current,High,Human,50.93
38980,High,141,7,Web,High,6,Junior,0,90.7,Comprehensive,High,Medium,Tight,Low,0,0,0.0,0,0,0.0,0.0,Low,Poor,Current,High,Hybrid,45.43
5759,Medium,85,5,Security,Low,1,Mid,0,51.2,Comprehensive,Standard,Medium,Tight,High,0,0,0.0,0,0,0.0,0.0,Low,Poor,Current,High,Hybrid,48.93
208112,High,183,8,Infrastructure,Critical,11,Senior,1,52.1,Comprehensive,High,High,Moderate,Medium,1,1,59.7,37,1,1.44,3.2,Low,Standard,Dated,Medium,Human,14.27
1078,Low,22,3,Infrastructure,High,4,Architect,0,46.7,Standard,Real-time,Low,Moderate,Medium,0,0,0.0,0,0,0.0,0.0,Low,Poor,Current,High,Hybrid,37.21
70429,Medium,73,9,Web,Critical,12,Mid,1,30.6,Comprehensive,High,Low,Tight,High,1,3,74.8,16,0,0.57,10.7,Low,Poor,Current,Medium,Human,35.31
130551,High,150,6,Data,Medium,9,Mid,1,60.4,Comprehensive,Standard,Medium,Tight,Medium,1,19,13.8,398,6,10.27,37.7,Critical,Poor,Current,Medium,Human,21.95
295393,High,160,10,Infrastructure,Critical,9,Architect,1,62.5,Minimal,Standard,Low,Tight,Medium,1,12,72.7,48,5,3.87,6.2,Medium,Good,Dated,Medium,Human,15.77
91343,Medium,54,6,Web,High,12,Mid,0,37.9,Standard,High,Medium,Tight,High,1,1,85.0,18,0,0.53,0.0,Low,Poor,Current,Low,Hybrid,40.27
157758,High,187,16,Data,High,13,Mid,0,58.5,Standard,Real-time,Medium,Flexible,Medium,1,11,13.8,209,8,5.85,41.9,Critical,Standard,Modern,Low,Human,12.58
16485,Medium,85,2,Security,Medium,3,Junior,0,98.0,Minimal,Real-time,Low,Moderate,Medium,0,0,0.0,0,0,0.0,0.0,Low,Poor,Current,High,Hybrid,52.88
24764,Low,61,1,Security,Medium,2,Mid,1,54.1,Minimal,Standard,Medium,Flexible,Low,1,17,61.0,173,3,3.65,33.8,High,Standard,Modern,High,Hybrid,41.27
41943,High,113,7,Web,High,8,Architect,0,78.7,Minimal,Real-time,High,Flexible,Medium,0,0,0.0,0,0,0.0,0.0,Low,Poor,Current,High,Human,19.76
17996,Low,111,3,Mobile,High,9,Senior,1,37.5,Standard,High,Medium,Moderate,Medium,1,23,5.0,77,9,5.04,48.2,Critical,Good,Legacy,High,Human,21.68
140997,Medium,85,6,Mobile,Critical,10,Mid,0,40.4,Standard,Real-time,High,Moderate,Medium,1,6,50.5,161,3,0.3,21.1,Medium,Minimal,Current,Low,Hybrid,30.14
3992,Low,22,1,Web,Critical,9,Architect,0,43.4,Standard,High,Medium,Moderate,Medium,0,0,0.0,0,0,0.0,0.0,Low,Poor,Current,High,Human,34.83
107134,High,166,7,Web,Medium,12,Senior,1,21.3,Standard,Standard,Critical,Moderate,Medium,1,20,37.6,125,6,14.56,35.0,Critical,Standard,Modern,Medium,Human,9.81
1672,Low,19,3,Security,Medium,3,Senior,1,46.4,Standard,Standard,Low,Tight,Medium,0,0,0.0,0,0,0.0,0.0,Low,Poor,Current,High,Hybrid,46.53
6909,Low,45,1,Mobile,High,7,Architect,0,63.1,Comprehensive,High,High,Moderate,High,0,0,0.0,0,0,0.0,0.0,Low,Poor,Current,High,Human,33.08
17557,Medium,84,4,Data,Low,1,Senior,0,54.6,Minimal,Real-time,Medium,Tight,Medium,0,0,0.0,0,0,0.0,0.0,Low,Poor,Current,High,Hybrid,44.39
169884,High,161,12,Infrastructure,Medium,8,Architect,0,41.3,Minimal,Real-time,High,Tight,High,1,4,74.0,96,3,7.46,30.1,Medium,Poor,Dated,Unfamiliar,Human,5.69
12456,Low,14,3,Infrastructure,High,9,Junior,0,34.6,Minimal,Standard,Medium,Tight,High,1,16,27.1,53,9,3.98,53.5,Critical,Minimal,Modern,Low,Human,47.52
59624,High,131,7,Data,Critical,15,Junior,0,64.6,Comprehensive,High,Medium,Tight,High,1,9,71.7,86,3,2.01,12.4,Low,Minimal,Dated,High,Human,34.4
91163,High,200,10,Infrastructure,High,9,Senior,0,78.7,Standard,Standard,High,Tight,Medium,1,11,85.0,22,5,5.43,2.6,Low,Standard,Legacy,Medium,Human,21.74
108501,Medium,119,6,Web,High,9,Senior,1,73.8,Minimal,Real-time,Critical,Tight,Medium,1,12,41.2,90,7,2.31,32.8,High,Good,Current,Medium,Human,24.76
960,Low,7,1,Data,Low,2,Senior,1,73.8,Standard,High,Medium,Flexible,Medium,0,0,0.0,0,0,0.0,0.0,Low,Poor,Current,High,Hybrid,43.43
100209,High,171,6,Infrastructure,High,15,Senior,1,56.6,Standard,Standard,Medium,Flexible,Medium,1,13,47.8,108,4,8.36,33.6,High,Standard,Modern,Medium,Human,13.65
290393,High,192,10,Infrastructure,Medium,5,Mid,0,38.8,Minimal,Standard,Medium,Tight,Medium,1,3,51.2,89,2,1.13,2.4,Low,Poor,Current,Medium,Hybrid,39.38
3293,Low,40,4,Security,Low,1,Junior,1,68.5,Minimal,High,Low,Flexible,Low,0,0,0.0,0,0,0.0,0.0,Low,Poor,Current,High,Hybrid,57.46
233968,High,152,7,Data,High,10,Senior,1,48.2,Standard,Standard,High,Tight,High,1,9,33.0,165,3,5.94,25.0,Medium,Minimal,Modern,Low,Human,17.21
3639,Medium,86,3,Security,High,5,Senior,1,74.4,Standard,High,Critical,Moderate,Low,0,0,0.0,0,0,0.0,0.0,Low,Poor,Current,High,Human,32.0
60863,High,132,9,Data,High,7,Senior,0,73.3,Comprehensive,High,Low,Moderate,Medium,0,0,0.0,0,0,0.0,0.0,Low,Poor,Current,High,Human,26.61
12400,Medium,119,2,Data,Medium,2,Mid,1,62.1,Minimal,Standard,High,Moderate,Medium,0,0,0.0,0,0,0.0,0.0,Low,Poor,Current,High,Hybrid,46.57
77075,Medium,129,6,Infrastructure,Low,3,Senior,1,51.2,Standard,High,Medium,Moderate,Medium,1,9,53.6,424,7,1.82,28.1,High,Good,Current,Medium,Hybrid,26.4
9921,Medium,84,5,Data,High,5,Mid,0,47.6,Standard,High,High,Flexible,Medium,0,0,0.0,0,0,0.0,0.0,Low,Poor,Current,High,Human,41.68
5472,Low,102,1,Security,High,11,Senior,1,48.8,Standard,High,High,Flexible,Medium,1,12,69.2,94,3,1.19,14.1,Medium,Minimal,Modern,Medium,Human,30.16
146559,High,189,9,Data,High,13,Mid,0,76.0,Minimal,High,Critical,Flexible,High,1,9,67.3,119,5,4.57,14.5,Medium,Poor,Modern,Unfamiliar,Human,16.99
106019,High,172,7,Web,Low,4,Architect,0,79.3,Standard,Standard,Low,Flexible,Medium,0,0,0.0,0,0,0.0,0.0,Low,Poor,Current,High,Human,26.96
75494,High,140,11,Data,Medium,7,Mid,0,54.9,Standard,High,Medium,Moderate,High,0,0,0.0,0,0,0.0,0.0,Low,Poor,Current,High,Human,31.13
157428,Medium,100,8,Data,Critical,12,Mid,1,27.5,Minimal,High,Critical,Tight,High,1,19,34.1,127,10,4.58,37.6,Critical,Poor,Legacy,Low,Human,16.36
24267,Medium,39,6,Data,Low,1,Junior,0,90.4,Minimal,High,High,Moderate,Low,0,0,0.0,0,0,0.0,0.0,Low,Poor,Current,High,Hybrid,53.33
25828,Medium,122,4,Data,Low,3,Architect,1,38.3,Standard,High,Low,Moderate,High,1,17,56.0,153,5,6.12,36.5,High,Poor,Legacy,Medium,Hybrid,18.15
56542,High,149,7,Data,Low,1,Junior,1,60.8,Minimal,Standard,Medium,Tight,Medium,0,0,0.0,0,0,0.0,0.0,Low,Poor,Current,High,Hybrid,48.78
30811,Medium,118,5,Data,Critical,13,Senior,1,68.5,Minimal,Real-time,Critical,Tight,High,1,12,67.9,81,3,1.07,4.7,Low,Standard,Legacy,Medium,Human,25.76
156088,High,157,10,Infrastructure,High,11,Architect,0,37.5,Standard,High,High,Moderate,High,1,7,46.3,143,3,0.63,24.9,Medium,Good,Dated,Low,Human,8.22
23121,High,132,6,Data,Medium,7,Senior,0,64.1,Standard,High,Medium,Flexible,Medium,0,0,0.0,0,0,0.0,0.0,Low,Poor,Current,High,Hybrid,25.18
79972,Medium,97,7,Mobile,High,9,Architect,1,27.3,Comprehensive,High,High,Tight,Medium,1,19,56.3,225,10,7.16,33.5,Critical,Minimal,Dated,Unfamiliar,Human,5.69
1125,Low,44,1,Security,Medium,3,Junior,1,51.8,Standard,Standard,Medium,Moderate,High,0,0,0.0,0,0,0.0,0.0,Low,Poor,Current,High,Hybrid,57.28
2914,Low,46,1,Security,Low,0,Mid,1,65.1,Minimal,Standard,Medium,Flexible,Medium,0,0,0.0,0,0,0.0,0.0,Low,Poor,Current,High,Hybrid,56.07
86166,Medium,104,3,Web,High,6,Architect,1,66.1,Minimal,High,Critical,Tight,Medium,1,8,51.0,43,2,1.53,22.3,Medium,Standard,Modern,Low,Human,21.51
249322,High,119,7,Data,High,6,Senior,1,66.2,Standard,Standard,Medium,Tight,Medium,1,21,20.4,213,8,3.22,29.6,Critical,Standard,Modern,Medium,Human,17.11
15533,Low,39,2,Infrastructure,Low,11,Architect,0,30.6,Minimal,Real-time,Medium,Tight,Medium,1,19,35.9,138,5,2.11,31.2,High,Standard,Legacy,Medium,Human,31.16
1376,Low,43,1,Security,High,1,Mid,1,55.0,Minimal,Real-time,High,Flexible,Low,0,0,0.0,0,0,0.0,0.0,Low,Poor,Current,High,Human,46.15
178749,High,144,11,Infrastructure,High,4,Senior,1,73.9,Minimal,High,Medium,Moderate,Low,1,16,32.7,111,5,0.35,46.0,Critical,Standard,Modern,High,Human,14.93
1698,Low,31,1,Web,Medium,4,Mid,0,59.5,Standard,High,High,Flexible,High,0,0,0.0,0,0,0.0,0.0,Low,Poor,Current,High,Hybrid,46.04
1812,Low,7,1,Web,High,7,Junior,0,52.7,Standard,High,High,Tight,Low,0,0,0.0,0,0,0.0,0.0,Low,Poor,Current,High,Human,60.1
2624,Low,25,1,Security,Medium,1,Senior,1,53.9,Standard,High,High,Tight,Low,0,0,0.0,0,0,0.0,0.0,Low,Poor,Current,High,Hybrid,44.08
12242,Low,43,2,Security,High,9,Senior,0,20.6,Standard,Standard,High,Moderate,Medium,1,11,67.2,66,1,0.86,29.1,Medium,Standard,Dated,Medium,Human,35.24
488437,High,159,7,Mobile,High,11,Mid,0,67.7,Minimal,Standard,Critical,Flexible,High,1,19,36.5,40,9,4.1,26.7,High,Minimal,Dated,Low,Human,19.43
157171,High,167,12,Mobile,High,11,Junior,0,60.9,Comprehensive,Real-time,Medium,Moderate,Low,1,15,34.7,35,4,11.31,33.7,High,Standard,Dated,Medium,Human,25.61
196693,High,131,10,Security,High,14,Mid,1,60.0,Comprehensive,Standard,Low,Tight,Medium,1,6,47.6,53,1,1.33,16.6,Low,Poor,Modern,High,Human,26.96
54452,High,160,4,Security,High,9,Junior,1,97.6,Comprehensive,High,Critical,Moderate,High,0,0,0.0,0,0,0.0,0.0,Low,Poor,Current,High,Human,36.49
102940,High,112,8,Infrastructure,Low,4,Senior,0,68.3,Comprehensive,High,High,Moderate,Medium,0,0,0.0,0,0,0.0,0.0,Low,Poor,Current,High,Human,28.73
11766,Medium,92,4,Data,Medium,7,Senior,0,39.5,Comprehensive,Standard,Low,Tight,Medium,0,0,0.0,0,0,0.0,0.0,Low,Poor,Current,High,Hybrid,42.38
22757,Low,21,4,Web,Medium,5,Senior,1,59.8,Minimal,Standard,Medium,Flexible,High,1,13,16.1,64,3,20.0,35.3,High,Minimal,Legacy,Medium,Hybrid,22.56
16722,Medium,105,7,Data,Medium,3,Mid,0,44.2,Standard,Real-time,High,Flexible,Low,0,0,0.0,0,0,0.0,0.0,Low,Poor,Current,High,Hybrid,38.16
140311,High,165,5,Web,Low,4,Mid,0,74.3,Comprehensive,Standard,Medium,Flexible,Medium,1,11,81.8,83,2,0.59,7.4,Low,Standard,Modern,Medium,Hybrid,31.08
21540,Medium,69,4,Security,Low,3,Senior,1,47.8,Comprehensive,High,Medium,Tight,High,0,0,0.0,0,0,0.0,0.0,Low,Poor,Current,High,Hybrid,38.33
20178,High,135,7,Data,Medium,4,Mid,0,74.8,Standard,Standard,High,Flexible,Low,0,0,0.0,0,0,0.0,0.0,Low,Poor,Current,High,Hybrid,38.16
500000,High,165,10,Mobile,High,13,Junior,0,40.4,Standard,High,Critical,Flexible,High,1,13,44.9,182,4,3.55,37.7,High,Minimal,Modern,High,Human,23.36
45519,Low,28,1,Security,High,7,Senior,0,59.7,Comprehensive,High,High,Tight,Low,1,9,68.4,55,4,12.79,10.3,Medium,Minimal,Modern,High,Human,33.86
179786,High,122,9,Infrastructure,High,10,Mid,1,40.7,Minimal,High,High,Tight,High,1,17,30.4,70,3,4.45,40.2,Critical,Poor,Dated,High,Human,19.95
16984,Low,17,1,Security,Medium,4,Senior,1,25.2,Minimal,Standard,High,Tight,Low,1,13,44.9,95,2,0.08,18.7,Medium,Minimal,Legacy,Low,Hybrid,37.39
9287,Medium,91,4,Infrastructure,High,7,Mid,0,71.8,Standard,High,High,Tight,Low,0,0,0.0,0,0,0.0,0.0,Low,Poor,Current,High,Human,45.83
330737,High,162,6,Data,Medium,7,Mid,1,54.7,Standard,Real-time,High,Flexible,Medium,1,8,61.5,93,8,0.12,32.1,Medium,Standard,Modern,Unfamiliar,Hybrid,19.32
14032,Medium,65,4,Data,Low,0,Mid,0,46.1,Minimal,High,Medium,Flexible,Medium,0,0,0.0,0,0,0.0,0.0,Low,Poor,Current,High,Hybrid,45.54
19452,Medium,82,5,Data,High,6,Senior,0,89.2,Standard,Real-time,High,Moderate,Low,0,0,0.0,0,0,0.0,0.0,Low,Poor,Current,High,Human,34.18
1268,Low,41,1,Web,Medium,1,Mid,0,65.5,Minimal,Standard,Medium,Flexible,Medium,0,0,0.0,0,0,0.0,0.0,Low,Poor,Current,High,AI,50.8
8939,Medium,112,3,Web,Medium,8,Senior,0,83.5,Comprehensive,Standard,Medium,Tight,Medium,0,0,0.0,0,0,0.0,0.0,Low,Poor,Current,High,Hybrid,39.42
37395,High,104,8,Infrastructure,High,6,Mid,1,90.7,Standard,High,High,Flexible,High,0,0,0.0,0,0,0.0,0.0,Low,Poor,Current,High,Human,26.86
161130,High,185,11,Infrastructure,Critical,19,Senior,1,24.8,Minimal,High,Medium,Moderate,High,1,1,82.3,39,1,6.73,8.0,Low,Good,Current,High,Human,20.21
148098,High,138,5,Web,Critical,10,Junior,1,68.0,Standard,High,Medium,Tight,Medium,1,15,34.1,55,4,7.28,53.5,Critical,Poor,Dated,Medium,Human,22.8
285484,High,157,8,Mobile,High,11,Mid,1,66.6,Minimal,High,High,Flexible,Low,1,14,70.5,387,4,7.06,19.6,High,Good,Dated,High,Human,21.0
14696,Low,42,6,Web,High,11,Mid,0,40.3,Minimal,Standard,High,Moderate,Medium,1,12,74.2,32,0,0.68,1.3,Low,Standard,Modern,Medium,Human,45.65
168303,High,209,7,Mobile,Critical,14,Senior,0,68.7,Comprehensive,High,High,Moderate,Low,1,5,55.7,93,5,6.55,18.9,Medium,Poor,Dated,Medium,Human,11.01
2753,Low,25,3,Infrastructure,High,4,Mid,0,31.9,Standard,High,High,Tight,High,0,0,0.0,0,0,0.0,0.0,Low,Poor,Current,High,Human,51.03
5960,Medium,97,4,Web,High,5,Senior,0,81.3,Comprehensive,Standard,Medium,Flexible,Medium,0,0,0.0,0,0,0.0,0.0,Low,Poor,Current,High,Hybrid,33.24
7387,Medium,72,7,Security,High,3,Mid,1,67.0,Minimal,Standard,Low,Tight,High,0,0,0.0,0,0,0.0,0.0,Low,Poor,Current,High,Human,46.77
16235,Low,33,4,Web,High,11,Senior,0,44.7,Minimal,High,High,Tight,Medium,1,15,50.8,121,4,4.88,22.1,Medium,Standard,Dated,High,Human,37.56
62414,Medium,130,7,Security,High,10,Senior,1,31.1,Standard,Real-time,High,Moderate,Medium,1,9,50.9,50,2,4.96,34.9,High,Minimal,Modern,Low,Hybrid,14.55
123777,High,162,10,Mobile,High,10,Senior,0,63.7,Minimal,High,Medium,Moderate,Low,1,20,34.7,94,5,3.03,49.4,Critical,Poor,Modern,High,Human,14.82
20031,Medium,81,4,Mobile,Low,2,Senior,0,71.4,Minimal,Real-time,Low,Moderate,Medium,0,0,0.0,0,0,0.0,0.0,Low,Poor,Current,High,Hybrid,40.92
83545,Medium,134,9,Web,High,10,Senior,0,69.9,Minimal,Real-time,High,Tight,High,1,17,21.7,63,5,0.03,27.7,High,Poor,Dated,High,Human,20.62
52691,Medium,76,1,Data,Low,0,Mid,0,76.4,Minimal,High,High,Flexible,Medium,0,0,0.0,0,0,0.0,0.0,Low,Poor,Current,High,Hybrid,44.25
58233,Medium,115,6,Security,High,13,Architect,1,36.2,Minimal,Standard,Medium,Moderate,Medium,1,14,48.0,88,3,6.66,42.1,High,Poor,Current,Low,Hybrid,15.33
208774,High,172,10,Infrastructure,High,9,Senior,1,81.6,Standard,Real-time,Medium,Moderate,High,1,18,37.5,236,9,2.07,40.9,Critical,Poor,Current,High,Human,8.0
12369,Medium,96,2,Data,Medium,1,Mid,1,79.6,Standard,High,High,Moderate,High,0,0,0.0,0,0,0.0,0.0,Low,Poor,Current,High,Hybrid,40.57
24082,Medium,104,4,Data,Critical,11,Senior,1,88.0,Minimal,High,Low,Tight,High,0,0,0.0,0,0,0.0,0.0,Low,Poor,Current,High,Human,36.69
43670,High,154,8,Web,Medium,2,Senior,0,81.1,Minimal,High,Medium,Tight,Medium,0,0,0.0,0,0,0.0,0.0,Low,Poor,Current,High,Hybrid,36.68
982,Low,16,1,Infrastructure,High,6,Junior,0,62.9,Comprehensive,Real-time,Low,Tight,Medium,0,0,0.0,0,0,0.0,0.0,Low,Poor,Current,High,Hybrid,57.29
16811,Medium,98,4,Infrastructure,High,8,Architect,1,35.7,Standard,Real-time,Medium,Moderate,Medium,0,0,0.0,0,0,0.0,0.0,Low,Poor,Current,High,Human,26.75
147756,Medium,84,8,Security,Medium,8,Senior,0,66.2,Standard,Real-time,Critical,Moderate,Medium,1,5,61.6,47,2,0.12,16.6,Low,Standard,Modern,Medium,Human,26.77
59437,Medium,131,1,Mobile,Critical,8,Senior,0,57.0,Minimal,High,High,Tight,High,1,10,36.8,109,6,2.75,31.2,High,Poor,Modern,Low,Human,23.86
15847,Low,31,1,Web,High,11,Architect,1,21.5,Minimal,High,Critical,Tight,High,1,14,62.8,17,3,1.7,40.1,High,Poor,Modern,Low,Human,19.85
1479,Low,8,1,Data,Medium,3,Mid,0,52.4,Minimal,Real-time,Low,Tight,Medium,0,0,0.0,0,0,0.0,0.0,Low,Poor,Current,High,AI,56.3
20198,Medium,137,4,Security,High,5,Senior,1,47.9,Comprehensive,Standard,Low,Tight,Medium,0,0,0.0,0,0,0.0,0.0,Low,Poor,Current,High,Human,37.75
37339,Low,45,5,Security,High,7,Mid,1,54.3,Comprehensive,High,Critical,Flexible,Medium,1,11,48.1,27,3,0.98,12.0,Medium,Minimal,Modern,High,Human,32.62
45017,Medium,97,7,Data,High,8,Senior,1,27.7,Standard,Real-time,High,Flexible,High,1,20,36.9,149,7,20.0,50.4,Critical,Standard,Legacy,High,Human,8.74
132992,High,168,11,Infrastructure,Medium,3,Senior,0,50.3,Standard,High,High,Tight,High,1,15,26.0,135,5,5.85,34.9,High,Minimal,Modern,Medium,Human,15.08
305856,High,193,10,Security,High,9,Mid,0,34.4,Minimal,High,Low,Moderate,Low,1,4,85.0,69,0,1.78,12.6,Low,Good,Modern,Medium,Hybrid,35.62
129949,High,167,9,Security,Critical,15,Junior,0,42.4,Comprehensive,Real-time,Low,Tight,Medium,1,8,57.2,61,2,6.25,24.4,Medium,Poor,Dated,Medium,Human,29.16
19859,Medium,75,4,Web,Low,6,Senior,1,85.7,Standard,High,Medium,Flexible,High,1,14,44.4,126,6,0.38,39.1,Critical,Good,Modern,Medium,Human,19.92
59667,Medium,83,7,Data,Medium,7,Senior,0,49.4,Minimal,High,Medium,Tight,Medium,1,13,52.2,50,1,10.41,20.9,Medium,Minimal,Legacy,Medium,Human,29.27
2493,Low,21,3,Web,High,3,Senior,0,69.4,Comprehensive,High,Critical,Flexible,High,0,0,0.0,0,0,0.0,0.0,Low,Poor,Current,High,Human,33.34
7366,Medium,96,8,Web,Low,8,Mid,0,62.3,Standard,High,Medium,Tight,Medium,0,0,0.0,0,0,0.0,0.0,Low,Poor,Current,High,Hybrid,47.06
37554,High,126,7,Mobile,High,5,Senior,1,78.4,Minimal,Real-time,High,Flexible,Medium,0,0,0.0,0,0,0.0,0.0,Low,Poor,Current,High,Human,20.28
2050,Low,12,1,Web,High,4,Architect,0,30.2,Comprehensive,High,High,Tight,Low,0,0,0.0,0,0,0.0,0.0,Low,Poor,Current,High,Human,35.82
36581,Medium,109,6,Security,High,7,Senior,0,78.8,Comprehensive,Real-time,Low,Moderate,Low,0,0,0.0,0,0,0.0,0.0,Low,Poor,Current,High,Hybrid,31.31
14828,Medium,95,4,Mobile,High,4,Senior,1,66.9,Standard,Standard,Low,Moderate,Medium,0,0,0.0,0,0,0.0,0.0,Low,Poor,Current,High,Hybrid,35.86
1459,Low,54,2,Data,Medium,4,Mid,0,53.1,Comprehensive,High,Low,Flexible,Medium,0,0,0.0,0,0,0.0,0.0,Low,Poor,Current,High,AI,50.53
1427,Low,24,2,Web,Low,1,Senior,1,49.0,Comprehensive,High,High,Tight,High,0,0,0.0,0,0,0.0,0.0,Low,Poor,Current,High,AI,43.08
104109,Medium,108,5,Security,High,13,Senior,0,48.8,Minimal,Standard,High,Moderate,Low,1,23,32.5,190,6,8.38,37.1,Critical,Minimal,Legacy,Medium,Human,21.38
8696,Low,51,6,Data,Critical,10,Architect,0,79.7,Comprehensive,Standard,High,Moderate,High,1,10,62.2,98,4,0.06,16.7,Medium,Standard,Current,Medium,Human,23.3
83292,Medium,95,6,Security,Critical,12,Architect,1,61.0,Minimal,Real-time,Medium,Flexible,High,1,8,29.6,367,9,1.09,42.4,Critical,Minimal,Current,High,Human,7.45
21603,Medium,82,6,Security,High,11,Junior,1,26.8,Minimal,High,High,Tight,Medium,1,18,27.2,60,1,5.71,25.7,Medium,Standard,Dated,Medium,Human,35.43
3432,Low,7,2,Infrastructure,High,8,Junior,0,51.5,Minimal,Standard,High,Flexible,High,0,0,0.0,0,0,0.0,0.0,Low,Poor,Current,High,Human,54.66
2835,Low,32,2,Data,Low,3,Junior,1,49.6,Standard,Real-time,Low,Flexible,Medium,0,0,0.0,0,0,0.0,0.0,Low,Poor,Current,High,Hybrid,54.29
75268,Medium,102,5,Data,Medium,5,Senior,1,27.2,Comprehensive,Standard,Low,Tight,Medium,1,16,45.4,150,3,11.25,46.0,High,Poor,Current,Low,Human,25.91
500000,High,210,8,Security,High,8,Senior,1,45.0,Minimal,High,Medium,Tight,High,1,9,34.2,67,0,3.13,21.8,Medium,Minimal,Modern,Low,Human,17.97
214117,High,134,7,Infrastructure,Low,1,Mid,0,76.1,Minimal,Real-time,High,Moderate,High,1,22,33.8,119,5,4.9,44.7,Critical,Standard,Dated,High,Human,21.96
3093,Low,52,1,Infrastructure,Medium,2,Senior,1,56.8,Comprehensive,High,Critical,Moderate,Medium,0,0,0.0,0,0,0.0,0.0,Low,Poor,Current,High,Human,37.22
5114,Medium,57,5,Mobile,High,7,Mid,0,98.0,Comprehensive,High,Medium,Flexible,High,0,0,0.0,0,0,0.0,0.0,Low,Poor,Current,High,Hybrid,35.9
25970,Medium,84,8,Data,Medium,2,Architect,0,61.3,Minimal,High,Medium,Tight,High,0,0,0.0,0,0,0.0,0.0,Low,Poor,Current,High,Hybrid,31.03
500000,High,226,5,Web,High,9,Senior,0,32.6,Standard,High,Medium,Flexible,Medium,1,5,57.2,29,1,7.98,0.0,Low,Minimal,Modern,Medium,Hybrid,22.64
80792,Medium,124,8,Data,Medium,6,Senior,0,34.3,Standard,High,High,Tight,High,1,15,38.6,162,5,4.35,45.0,High,Minimal,Modern,Medium,Hybrid,24.82
21836,Low,38,5,Infrastructure,High,10,Mid,1,33.7,Comprehensive,Standard,Low,Moderate,Medium,1,11,28.4,241,3,7.45,35.3,High,Minimal,Modern,High,Human,36.44
4092,Medium,81,5,Data,High,9,Junior,0,50.3,Minimal,High,High,Moderate,High,0,0,0.0,0,0,0.0,0.0,Low,Poor,Current,High,Human,50.87
18463,Medium,113,3,Web,High,12,Mid,0,82.9,Minimal,High,Medium,Tight,Low,0,0,0.0,0,0,0.0,0.0,Low,Poor,Current,High,Hybrid,47.8
16557,Low,29,1,Security,High,7,Mid,1,43.2,Minimal,Standard,High,Flexible,High,1,13,49.4,69,8,1.18,36.1,High,Poor,Dated,Medium,Human,33.17
11446,Medium,85,5,Infrastructure,Low,3,Junior,0,45.5,Standard,High,Medium,Moderate,High,0,0,0.0,0,0,0.0,0.0,Low,Poor,Current,High,Hybrid,50.03
45478,High,146,7,Web,Low,3,Senior,0,77.0,Standard,Standard,Medium,Moderate,Medium,0,0,0.0,0,0,0.0,0.0,Low,Poor,Current,High,AI,35.84
9542,Medium,113,5,Infrastructure,Medium,7,Architect,0,77.7,Minimal,High,High,Flexible,High,0,0,0.0,0,0,0.0,0.0,Low,Poor,Current,High,Hybrid,25.99
190929,High,180,9,Infrastructure,Critical,11,Mid,1,47.8,Comprehensive,High,Critical,Flexible,High,1,8,85.0,26,6,0.87,12.3,Low,Minimal,Dated,Medium,Human,17.68
68443,High,136,9,Infrastructure,Low,2,Senior,1,62.6,Comprehensive,Standard,Medium,Tight,Low,0,0,0.0,0,0,0.0,0.0,Low,Poor,Current,High,Human,31.58
102851,High,132,8,Mobile,High,6,Architect,1,76.7,Standard,Real-time,Low,Moderate,High,0,0,0.0,0,0,0.0,0.0,Low,Poor,Current,High,Human,16.61
150758,High,168,4,Security,Low,1,Senior,1,57.2,Comprehensive,High,High,Moderate,Medium,1,6,58.7,33,3,3.11,29.9,Medium,Good,Dated,High,AI,21.73
293112,High,157,7,Security,Critical,12,Architect,0,46.6,Standard,High,Medium,Flexible,High,1,16,38.4,56,6,2.21,45.5,Critical,Standard,Current,Unfamiliar,Human,2.0
7860,Medium,67,5,Security,Medium,3,Senior,0,40.3,Minimal,Standard,Medium,Moderate,High,0,0,0.0,0,0,0.0,0.0,Low,Poor,Current,High,Hybrid,37.97
27213,High,156,8,Mobile,Low,1,Architect,0,84.0,Standard,Standard,Low,Moderate,Medium,0,0,0.0,0,0,0.0,0.0,Low,Poor,Current,High,Human,28.83
3435,Low,19,1,Web,Medium,4,Mid,1,63.9,Standard,Real-time,Low,Flexible,High,0,0,0.0,0,0,0.0,0.0,Low,Poor,Current,High,Hybrid,43.35
112406,High,148,8,Web,Medium,13,Senior,0,72.2,Standard,Real-time,High,Flexible,High,1,21,16.0,67,7,6.4,50.5,Critical,Minimal,Modern,Medium,Human,8.86
144854,High,190,8,Infrastructure,Low,1,Senior,1,34.6,Standard,Standard,High,Moderate,Medium,1,16,46.4,108,10,15.67,45.0,Critical,Standard,Dated,Low,Human,9.14
124526,High,170,9,Security,High,5,Senior,1,86.0,Standard,Standard,High,Tight,High,0,0,0.0,0,0,0.0,0.0,Low,Poor,Current,High,Human,21.97
246618,High,152,7,Data,Medium,8,Senior,0,54.3,Minimal,Standard,Medium,Flexible,High,1,10,37.6,137,5,4.06,20.9,High,Minimal,Current,Medium,Human,17.83
5466,Medium,62,4,Data,Medium,4,Mid,0,68.1,Minimal,Standard,Low,Tight,Low,0,0,0.0,0,0,0.0,0.0,Low,Poor,Current,High,Hybrid,55.04
27174,Medium,108,6,Mobile,Critical,7,Mid,1,44.4,Minimal,High,High,Tight,Medium,1,16,38.0,254,9,20.0,42.1,Critical,Poor,Dated,High,Human,19.86
178486,High,160,9,Infrastructure,Critical,17,Senior,0,66.8,Minimal,Standard,High,Moderate,High,1,12,30.6,73,11,1.12,39.8,High,Minimal,Current,Low,Human,16.5
118433,High,160,7,Security,High,13,Mid,1,49.6,Standard,Real-time,Critical,Tight,Medium,1,7,85.0,76,0,0.71,0.0,Low,Standard,Legacy,Medium,Human,24.89
14599,Medium,86,4,Web,Medium,1,Senior,0,65.5,Standard,Standard,Critical,Tight,High,0,0,0.0,0,0,0.0,0.0,Low,Poor,Current,High,Hybrid,38.74
4982,Low,29,3,Mobile,High,5,Senior,1,79.3,Standard,Standard,Low,Moderate,High,0,0,0.0,0,0,0.0,0.0,Low,Poor,Current,High,Human,39.82
48796,High,133,6,Web,Critical,8,Junior,0,90.0,Minimal,Standard,Medium,Moderate,Low,0,0,0.0,0,0,0.0,0.0,Low,Poor,Current,High,Human,44.87
26608,High,113,6,Infrastructure,Low,2,Mid,0,67.3,Standard,Standard,Critical,Tight,High,0,0,0.0,0,0,0.0,0.0,Low,Poor,Current,High,Human,43.89
11612,Medium,77,5,Data,High,5,Mid,1,79.9,Standard,Real-time,Low,Moderate,Low,0,0,0.0,0,0,0.0,0.0,Low,Poor,Current,High,Human,40.62
50441,Medium,111,7,Web,Critical,7,Senior,0,82.8,Minimal,Standard,High,Flexible,High,1,11,85.0,168,0,3.03,17.4,Low,Poor,Legacy,Medium,Human,24.49
2662,Low,25,2,Infrastructure,Low,2,Senior,0,57.2,Standard,High,Medium,Tight,Medium,0,0,0.0,0,0,0.0,0.0,Low,Poor,Current,High,AI,51.38
339141,High,120,10,Security,High,10,Senior,1,43.0,Standard,High,Medium,Tight,Medium,1,4,57.7,133,3,5.08,20.0,Medium,Minimal,Modern,Unfamiliar,Human,16.6
43308,Medium,71,3,Mobile,High,7,Architect,1,66.2,Minimal,Standard,High,Tight,Medium,1,20,17.1,125,4,18.02,42.7,High,Minimal,Modern,Medium,Human,14.0
1731,Low,11,3,Security,Medium,3,Senior,0,52.2,Standard,Standard,Low,Moderate,Medium,0,0,0.0,0,0,0.0,0.0,Low,Poor,Current,High,Hybrid,45.73
10564,Low,46,4,Infrastructure,High,9,Mid,0,44.8,Standard,High,High,Tight,Medium,1,11,80.1,54,4,4.8,16.4,Low,Standard,Dated,Unfamiliar,Human,42.62
9200,Medium,49,3,Web,High,2,Mid,1,62.4,Standard,High,High,Tight,High,0,0,0.0,0,0,0.0,0.0,Low,Poor,Current,High,Human,41.42
13910,Low,31,1,Data,Medium,4,Junior,1,45.1,Comprehensive,Standard,Medium,Tight,Medium,1,19,14.6,149,6,5.83,30.5,High,Poor,Dated,Unfamiliar,Human,41.71
183678,High,163,4,Security,High,8,Senior,1,55.9,Standard,Real-time,High,Flexible,High,1,15,47.8,121,5,4.52,27.9,High,Minimal,Modern,Low,Human,6.69
7130,Medium,81,6,Web,Low,2,Junior,0,56.9,Comprehensive,High,Critical,Moderate,Medium,0,0,0.0,0,0,0.0,0.0,Low,Poor,Current,High,Human,46.33
14506,Medium,62,6,Web,High,4,Senior,0,50.2,Standard,High,Low,Moderate,Medium,0,0,0.0,0,0,0.0,0.0,Low,Poor,Current,High,Hybrid,37.07
114207,Medium,96,4,Web,High,4,Mid,1,44.1,Standard,Real-time,Medium,Tight,High,1,6,85.0,24,4,2.78,10.6,Low,Standard,Modern,Medium,Human,35.86
14387,Low,70,4,Web,High,9,Senior,0,6.5,Comprehensive,High,High,Flexible,High,1,19,23.9,190,10,4.72,50.9,Critical,Standard,Dated,Medium,Human,21.54
9629,Medium,63,3,Mobile,Medium,0,Mid,0,63.2,Standard,Standard,High,Flexible,Medium,0,0,0.0,0,0,0.0,0.0,Low,Poor,Current,High,Hybrid,45.81
124769,High,158,9,Web,High,12,Mid,1,46.2,Minimal,Standard,High,Moderate,Medium,1,19,68.4,145,9,5.33,46.6,Critical,Minimal,Current,Low,Human,15.93
7204,Medium,68,6,Web,Low,3,Senior,0,58.0,Comprehensive,Standard,Low,Moderate,High,0,0,0.0,0,0,0.0,0.0,Low,Poor,Current,High,Hybrid,37.24
90416,High,143,8,Web,Medium,10,Senior,1,50.8,Standard,High,Critical,Tight,Medium,1,8,62.9,69,1,0.37,17.3,Medium,Minimal,Dated,Low,Human,14.53
74339,High,154,8,Security,Low,0,Junior,0,69.3,Comprehensive,High,Low,Flexible,Medium,0,0,0.0,0,0,0.0,0.0,Low,Poor,Current,High,Human,45.89
8500,Low,14,4,Security,High,4,Senior,1,45.5,Standard,Standard,High,Flexible,High,1,17,50.3,71,9,0.47,52.6,Critical,Minimal,Dated,Medium,Human,21.81
22188,Low,87,3,Mobile,High,16,Mid,0,34.1,Standard,Standard,High,Tight,Low,1,10,33.4,212,2,3.73,29.7,High,Minimal,Current,Unfamiliar,Human,39.84
5562,Medium,102,4,Data,Medium,4,Mid,1,62.0,Minimal,High,High,Moderate,Medium,0,0,0.0,0,0,0.0,0.0,Low,Poor,Current,High,Hybrid,41.64
47146,High,166,5,Data,Low,3,Junior,0,86.2,Minimal,Real-time,Low,Moderate,Low,0,0,0.0,0,0,0.0,0.0,Low,Poor,Current,High,Hybrid,49.79
2693,Low,43,4,Mobile,Critical,16,Senior,1,43.0,Standard,High,Low,Moderate,Medium,0,0,0.0,0,0,0.0,0.0,Low,Poor,Current,High,Human,37.68
28746,Medium,104,6,Data,High,13,Senior,1,24.2,Minimal,Standard,High,Flexible,High,1,17,49.5,83,2,3.61,31.5,High,Good,Modern,High,Human,25.34
7634,Medium,93,4,Data,Medium,2,Mid,1,78.5,Comprehensive,Standard,High,Flexible,Medium,0,0,0.0,0,0,0.0,0.0,Low,Poor,Current,High,Hybrid,37.54
35811,Medium,111,4,Web,Low,1,Junior,0,58.8,Comprehensive,High,High,Moderate,Medium,0,0,0.0,0,0,0.0,0.0,Low,Poor,Current,High,Hybrid,49.8
6766,Medium,113,9,Mobile,Medium,4,Senior,1,49.6,Standard,Standard,Low,Flexible,Low,0,0,0.0,0,0,0.0,0.0,Low,Poor,Current,High,Hybrid,35.81
35122,High,135,7,Web,Low,0,Mid,0,60.0,Standard,Standard,Low,Moderate,Low,0,0,0.0,0,0,0.0,0.0,Low,Poor,Current,High,Hybrid,45.47
106204,Medium,104,8,Security,Low,3,Senior,1,30.5,Comprehensive,Real-time,High,Moderate,Medium,1,5,52.4,66,2,0.23,12.5,Low,Minimal,Legacy,High,Human,27.53
174169,High,154,8,Web,High,10,Mid,0,59.2,Standard,Standard,High,Tight,Medium,1,6,24.1,105,4,8.68,25.4,High,Poor,Current,High,Human,27.77
178288,High,168,10,Data,Medium,10,Mid,0,50.7,Comprehensive,High,High,Moderate,Medium,1,19,27.2,81,8,4.97,38.8,Critical,Minimal,Legacy,Medium,Human,13.85
63791,High,139,8,Data,Critical,18,Senior,0,58.3,Minimal,High,Critical,Flexible,Medium,1,22,7.4,97,9,19.48,46.7,Critical,Poor,Dated,Medium,Human,2.32
4693,Low,52,2,Web,Low,3,Senior,0,67.1,Comprehensive,High,Medium,Tight,Medium,0,0,0.0,0,0,0.0,0.0,Low,Poor,Current,High,AI,47.26
30841,Medium,80,6,Web,High,14,Mid,0,47.5,Minimal,High,High,Flexible,Medium,1,11,43.9,76,5,4.62,20.9,Medium,Minimal,Dated,Low,Human,28.8
82792,Medium,88,8,Web,High,11,Mid,0,41.6,Comprehensive,Real-time,High,Moderate,Medium,1,7,70.0,30,0,2.08,1.9,Low,Good,Dated,High,Human,35.11
155117,Medium,82,4,Web,Critical,15,Senior,1,62.3,Standard,High,Medium,Tight,Medium,1,14,29.1,90,8,14.81,53.0,Critical,Poor,Modern,Medium,Human,13.48
13156,Medium,140,6,Data,Medium,4,Mid,1,56.8,Standard,High,Critical,Flexible,Medium,0,0,0.0,0,0,0.0,0.0,Low,Poor,Current,High,Human,35.3
32731,Low,64,1,Data,High,14,Senior,0,45.5,Standard,High,High,Moderate,Medium,1,16,24.1,199,6,7.68,53.2,High,Minimal,Legacy,Medium,Human,24.34
39721,Medium,87,6,Mobile,Medium,8,Senior,0,19.8,Standard,Real-time,Critical,Flexible,High,1,3,79.0,89,1,4.46,16.4,Low,Standard,Modern,Medium,Human,23.84
24748,High,170,7,Security,High,10,Junior,1,98.0,Standard,High,Critical,Moderate,Medium,0,0,0.0,0,0,0.0,0.0,Low,Poor,Current,High,Human,35.2
161666,High,132,10,Data,High,9,Senior,1,62.3,Standard,High,Medium,Moderate,Low,1,15,30.5,382,6,13.86,38.9,Critical,Poor,Current,High,Human,10.27
86342,Medium,110,4,Data,Critical,16,Senior,1,29.8,Standard,Standard,Medium,Moderate,Low,1,12,54.4,54,2,4.91,18.2,Medium,Poor,Dated,Low,Human,22.94
13756,Low,39,3,Mobile,High,8,Mid,0,27.2,Minimal,Real-time,Medium,Tight,High,1,14,21.8,500,3,2.67,29.1,High,Poor,Modern,Low,Human,41.01
1980,Low,60,1,Infrastructure,Critical,9,Mid,1,56.3,Comprehensive,Standard,Medium,Moderate,Medium,0,0,0.0,0,0,0.0,0.0,Low,Poor,Current,High,Human,46.27
167752,High,153,8,Infrastructure,Critical,7,Architect,0,64.1,Standard,Standard,High,Flexible,Low,0,0,0.0,0,0,0.0,0.0,Low,Poor,Current,High,Human,16.22
18496,High,130,5,Security,Medium,2,Junior,0,71.1,Standard,High,High,Flexible,Medium,0,0,0.0,0,0,0.0,0.0,Low,Poor,Current,High,Hybrid,40.32
115215,Medium,117,6,Mobile,High,19,Architect,0,76.8,Standard,Standard,Medium,Flexible,Medium,1,15,53.8,51,6,1.86,39.6,High,Good,Modern,Low,Human,15.79
25458,High,160,5,Data,Critical,9,Architect,1,58.2,Standard,Standard,Medium,Flexible,Low,0,0,0.0,0,0,0.0,0.0,Low,Poor,Current,High,Human,18.3
14721,High,138,8,Data,Critical,10,Senior,0,81.6,Standard,Real-time,High,Tight,Medium,0,0,0.0,0,0,0.0,0.0,Low,Poor,Current,High,Human,25.49
43918,Medium,90,2,Web,High,7,Mid,1,42.3,Minimal,High,Medium,Flexible,High,1,10,22.3,82,7,3.92,25.6,High,Minimal,Current,High,Human,31.58
476384,High,153,5,Security,High,6,Mid,1,77.4,Standard,Standard,Medium,Flexible,Low,1,21,28.3,164,6,1.28,50.1,Critical,Minimal,Legacy,Medium,Human,17.24
15196,Low,53,3,Web,Medium,5,Senior,0,43.2,Standard,High,Medium,Flexible,Medium,1,9,33.7,97,3,15.38,29.7,Medium,Poor,Dated,Medium,Hybrid,27.64
83766,High,88,7,Data,Medium,3,Architect,0,37.0,Comprehensive,Standard,High,Moderate,Medium,0,0,0.0,0,0,0.0,0.0,Low,Poor,Current,High,Hybrid,24.19
2009,Low,57,5,Infrastructure,Medium,8,Senior,0,59.3,Standard,High,High,Flexible,Low,0,0,0.0,0,0,0.0,0.0,Low,Poor,Current,High,Hybrid,37.45
76098,Medium,143,9,Security,High,13,Senior,1,47.9,Standard,High,Medium,Tight,Medium,1,17,47.1,182,4,1.7,31.5,High,Minimal,Legacy,Medium,Human,19.54
262391,High,169,7,Web,High,12,Mid,1,54.1,Standard,High,Medium,Flexible,High,1,20,53.7,267,3,13.57,55.2,Critical,Standard,Modern,Unfamiliar,Human,9.78
48451,Medium,115,2,Web,Low,7,Mid,0,47.1,Standard,High,High,Flexible,Low,1,21,52.7,241,8,0.87,47.7,Critical,Good,Modern,Unfamiliar,Human,29.1
2638,Low,69,3,Data,Low,0,Mid,0,42.7,Comprehensive,High,Low,Moderate,Medium,0,0,0.0,0,0,0.0,0.0,Low,Poor,Current,High,AI,50.35
16286,Medium,81,6,Security,Medium,4,Mid,0,65.2,Comprehensive,High,High,Tight,High,0,0,0.0,0,0,0.0,0.0,Low,Poor,Current,High,Hybrid,40.65
14057,Medium,90,3,Web,High,5,Senior,0,62.6,Standard,High,Medium,Moderate,High,0,0,0.0,0,0,0.0,0.0,Low,Poor,Current,High,Hybrid,37.51
118033,High,167,8,Web,High,13,Senior,1,78.7,Minimal,Real-time,Low,Tight,High,1,3,64.2,294,4,0.21,6.5,Low,Standard,Dated,Unfamiliar,Human,20.72
78812,Medium,99,7,Infrastructure,Medium,9,Mid,0,44.3,Standard,Standard,High,Flexible,Medium,1,8,76.7,56,1,1.68,23.4,Low,Poor,Current,Medium,Hybrid,35.96
19862,High,140,8,Web,Critical,5,Mid,0,98.0,Standard,Standard,Low,Flexible,High,0,0,0.0,0,0,0.0,0.0,Low,Poor,Current,High,Hybrid,34.67
1690,Low,18,1,Mobile,Critical,8,Mid,1,61.4,Standard,High,Medium,Tight,Low,0,0,0.0,0,0,0.0,0.0,Low,Poor,Current,High,Human,51.6
15267,Low,28,3,Infrastructure,Critical,11,Junior,0,36.3,Standard,Standard,Low,Tight,Medium,1,10,81.4,37,0,5.79,8.0,Low,Poor,Modern,Medium,Human,53.02
16080,High,153,7,Data,Critical,10,Mid,0,77.0,Minimal,Real-time,Medium,Tight,Medium,0,0,0.0,0,0,0.0,0.0,Low,Poor,Current,High,Human,37.9
12207,Medium,103,6,Infrastructure,Medium,2,Architect,0,72.1,Standard,Standard,High,Moderate,Low,0,0,0.0,0,0,0.0,0.0,Low,Poor,Current,High,Hybrid,31.03
12236,Medium,98,5,Data,High,3,Junior,1,66.5,Comprehensive,Real-time,High,Moderate,Medium,0,0,0.0,0,0,0.0,0.0,Low,Poor,Current,High,Human,39.44
101088,High,156,10,Web,Medium,3,Junior,0,77.7,Minimal,High,Medium,Moderate,High,0,0,0.0,0,0,0.0,0.0,Low,Poor,Current,High,Human,44.99
120340,High,174,11,Web,High,7,Senior,0,65.9,Standard,High,Medium,Moderate,High,1,15,7.9,109,5,13.72,35.8,High,Standard,Dated,Medium,Human,11.41
326684,High,175,10,Infrastructure,High,12,Senior,0,63.2,Minimal,High,Low,Tight,High,1,22,43.3,29,7,2.15,38.3,High,Minimal,Dated,Medium,Human,19.37
39053,Low,14,3,Data,High,12,Senior,0,35.9,Standard,High,Medium,Tight,High,1,10,38.8,59,2,0.66,24.1,Medium,Poor,Legacy,High,Hybrid,33.77
31107,Medium,90,7,Data,Low,2,Senior,0,98.0,Minimal,Standard,Critical,Tight,Low,0,0,0.0,0,0,0.0,0.0,Low,Poor,Current,High,Human,42.36
115228,High,175,10,Infrastructure,Medium,7,Junior,0,77.5,Standard,High,High,Flexible,High,1,10,66.6,182,5,0.64,26.4,Medium,Good,Dated,Low,Hybrid,25.84
98554,Medium,115,10,Web,Low,4,Mid,1,47.9,Comprehensive,Standard,Medium,Flexible,Low,1,8,73.6,500,0,4.94,37.6,High,Good,Modern,Unfamiliar,Human,23.23
135637,High,222,7,Web,Low,7,Junior,1,54.4,Standard,High,Medium,Flexible,High,1,8,47.4,131,7,10.45,35.3,High,Standard,Current,Medium,Hybrid,25.1
63783,High,150,7,Web,Medium,2,Senior,0,75.9,Minimal,High,Medium,Tight,Low,0,0,0.0,0,0,0.0,0.0,Low,Poor,Current,High,Human,37.02
70965,Medium,95,7,Data,Medium,6,Mid,0,59.1,Standard,Standard,Medium,Flexible,Medium,1,22,38.3,104,11,2.24,59.0,Critical,Standard,Dated,Medium,Human,29.12
42834,High,159,7,Web,Low,0,Mid,0,69.3,Standard,High,Low,Tight,Medium,0,0,0.0,0,0,0.0,0.0,Low,Poor,Current,High,Hybrid,44.91
82458,Medium,104,1,Web,High,10,Mid,0,36.5,Comprehensive,High,High,Flexible,High,1,7,43.8,38,0,0.83,15.5,Low,Standard,Modern,Unfamiliar,Human,30.65
83250,Medium,84,4,Web,High,11,Mid,1,49.8,Standard,Real-time,High,Moderate,High,1,10,79.1,41,0,0.14,8.2,Low,Standard,Dated,Medium,Human,32.68
16089,Medium,93,2,Data,Medium,3,Senior,0,69.1,Standard,Real-time,Critical,Tight,Medium,0,0,0.0,0,0,0.0,0.0,Low,Poor,Current,High,Human,34.46
41980,Medium,83,6,Data,High,12,Senior,1,51.5,Standard,Standard,Medium,Tight,High,1,9,82.5,48,2,5.78,10.2,Low,Poor,Legacy,High,Human,28.24
54721,Medium,104,7,Data,High,16,Mid,1,50.3,Minimal,Real-time,High,Tight,High,1,9,52.0,74,3,1.78,35.3,High,Standard,Current,Unfamiliar,Human,26.08
9447,Medium,113,4,Security,High,4,Mid,1,80.1,Minimal,Standard,Medium,Tight,Medium,0,0,0.0,0,0,0.0,0.0,Low,Poor,Current,High,Human,46.39
193581,Medium,48,6,Security,Medium,8,Mid,1,29.2,Comprehensive,Real-time,Low,Flexible,Medium,1,5,35.5,273,3,4.28,38.5,High,Poor,Modern,High,Human,24.69
366702,High,173,5,Mobile,Low,5,Senior,0,39.3,Comprehensive,Real-time,High,Flexible,Medium,1,15,33.7,164,7,14.27,49.9,Critical,Minimal,Dated,Medium,Human,5.38
258227,High,170,9,Data,Critical,8,Senior,0,19.3,Minimal,Standard,High,Tight,Medium,1,8,55.8,90,5,10.01,21.5,Medium,Good,Modern,Low,Human,21.41
171244,Medium,91,3,Web,Low,3,Architect,0,56.5,Minimal,Standard,Low,Flexible,High,1,14,67.9,135,9,0.31,45.9,High,Standard,Dated,High,Human,24.59
2594,Low,47,1,Security,Low,1,Mid,1,53.1,Minimal,High,Low,Flexible,Medium,0,0,0.0,0,0,0.0,0.0,Low,Poor,Current,High,Hybrid,52.98
56899,Medium,68,6,Data,Low,4,Senior,1,24.3,Standard,High,High,Flexible,Medium,1,20,36.5,40,10,16.05,60.0,Critical,Minimal,Legacy,High,Human,15.35
12354,Medium,92,5,Web,Medium,3,Mid,0,46.9,Minimal,Standard,High,Moderate,High,0,0,0.0,0,0,0.0,0.0,Low,Poor,Current,High,AI,43.07
1215,Low,39,1,Security,Low,3,Senior,0,52.5,Comprehensive,Standard,Critical,Tight,Low,0,0,0.0,0,0,0.0,0.0,Low,Poor,Current,High,Human,46.73
33277,Medium,63,2,Security,Critical,12,Senior,0,42.8,Standard,Standard,Medium,Tight,Low,1,6,72.5,34,2,2.84,10.3,Low,Minimal,Current,Medium,Human,37.46
68222,Medium,108,6,Data,High,6,Mid,0,47.9,Standard,High,Low,Flexible,High,1,22,33.9,123,10,1.15,43.5,Critical,Minimal,Legacy,Medium,Human,24.67
7249,Medium,76,7,Web,High,4,Senior,0,80.6,Standard,Standard,Medium,Flexible,Medium,0,0,0.0,0,0,0.0,0.0,Low,Poor,Current,High,Hybrid,33.65
3954,Low,7,1,Data,Medium,8,Mid,0,55.1,Comprehensive,Real-time,Medium,Moderate,Medium,0,0,0.0,0,0,0.0,0.0,Low,Poor,Current,High,Hybrid,46.07
64693,Medium,99,8,Mobile,Medium,6,Mid,0,27.6,Comprehensive,Standard,Critical,Tight,High,1,12,18.4,70,9,0.68,50.2,Critical,Minimal,Current,High,Human,29.39
12628,Medium,99,2,Web,Medium,7,Senior,0,66.0,Comprehensive,High,High,Tight,High,0,0,0.0,0,0,0.0,0.0,Low,Poor,Current,High,Hybrid,36.1
98163,High,148,6,Mobile,High,7,Senior,0,61.5,Minimal,High,High,Tight,High,1,22,40.8,90,7,4.64,41.0,Critical,Poor,Legacy,Medium,Human,12.73
196581,High,192,11,Infrastructure,High,8,Senior,0,90.0,Comprehensive,Real-time,Low,Tight,Low,1,10,45.0,67,4,9.44,39.3,High,Minimal,Current,Low,Human,15.86
34639,Medium,76,7,Web,Low,2,Junior,0,40.7,Minimal,High,High,Flexible,High,1,20,47.3,265,7,4.3,45.2,Critical,Standard,Dated,Medium,Human,32.96
28815,Medium,45,4,Infrastructure,Medium,6,Mid,1,39.9,Standard,Real-time,Low,Moderate,High,0,0,0.0,0,0,0.0,0.0,Low,Poor,Current,High,Hybrid,41.75
35715,Medium,127,2,Web,Medium,5,Senior,0,18.1,Standard,Standard,High,Moderate,High,1,11,56.4,55,6,1.94,33.4,High,Minimal,Dated,High,AI,30.69
5229,Medium,89,6,Data,Medium,3,Senior,0,64.1,Comprehensive,Standard,Medium,Moderate,Low,0,0,0.0,0,0,0.0,0.0,Low,Poor,Current,High,Hybrid,39.04
13933,Medium,85,6,Web,Low,1,Senior,0,75.3,Standard,High,Medium,Moderate,Low,0,0,0.0,0,0,0.0,0.0,Low,Poor,Current,High,Hybrid,40.0
18835,Medium,57,3,Web,Low,0,Senior,1,71.7,Comprehensive,Standard,Medium,Moderate,Low,0,0,0.0,0,0,0.0,0.0,Low,Poor,Current,High,Hybrid,38.78
33394,High,165,11,Infrastructure,High,5,Mid,1,67.0,Minimal,High,Medium,Tight,Medium,0,0,0.0,0,0,0.0,0.0,Low,Poor,Current,High,Human,34.25
21382,Medium,102,1,Web,High,7,Architect,0,87.1,Standard,Standard,High,Moderate,Low,0,0,0.0,0,0,0.0,0.0,Low,Poor,Current,High,Human,32.53
7772,Medium,103,4,Data,Low,2,Mid,1,93.1,Standard,Standard,Medium,Moderate,Low,0,0,0.0,0,0,0.0,0.0,Low,Poor,Current,High,Hybrid,44.11
21045,High,153,7,Infrastructure,High,3,Mid,1,83.8,Minimal,High,Critical,Tight,High,0,0,0.0,0,0,0.0,0.0,Low,Poor,Current,High,Human,32.36
75959,Medium,108,7,Infrastructure,High,9,Senior,0,41.5,Comprehensive,High,Medium,Tight,Low,1,6,38.9,41,5,2.36,36.0,High,Poor,Current,Medium,Human,23.81
15226,Low,14,9,Data,Low,4,Senior,1,44.5,Standard,High,Medium,Moderate,Low,1,7,58.9,92,6,0.01,11.4,Low,Standard,Current,Medium,Hybrid,38.96
458373,High,152,7,Data,High,11,Junior,1,70.1,Minimal,Standard,High,Tight,Medium,1,1,43.5,29,7,6.96,19.4,Low,Minimal,Current,Low,Human,32.1
1719,Low,31,1,Data,Medium,3,Mid,0,46.5,Standard,High,Medium,Tight,Low,0,0,0.0,0,0,0.0,0.0,Low,Poor,Current,High,AI,54.81
110705,Medium,141,12,Mobile,Critical,10,Senior,0,72.9,Standard,High,Critical,Moderate,High,1,1,66.4,64,3,1.91,11.7,Low,Standard,Legacy,Medium,Human,16.83
14913,Medium,90,3,Data,Critical,10,Junior,1,76.2,Standard,Real-time,High,Moderate,Low,0,0,0.0,0,0,0.0,0.0,Low,Poor,Current,High,Hybrid,43.14
5776,Medium,123,5,Infrastructure,Low,3,Mid,0,50.5,Standard,Standard,Low,Flexible,Low,0,0,0.0,0,0,0.0,0.0,Low,Poor,Current,High,Hybrid,46.06
34073,Medium,116,7,Web,Critical,12,Architect,0,47.5,Minimal,Standard,Medium,Tight,Medium,1,8,71.8,59,1,3.81,13.8,Low,Good,Modern,High,Human,31.46
9884,Low,14,1,Infrastructure,Critical,10,Mid,1,29.4,Minimal,Standard,Low,Flexible,Medium,1,16,25.3,112,3,14.67,53.0,Critical,Standard,Legacy,Medium,Human,29.15
1097,Low,7,1,Security,Low,3,Mid,0,68.2,Comprehensive,Standard,Low,Flexible,Medium,0,0,0.0,0,0,0.0,0.0,Low,Poor,Current,High,AI,54.17
307314,High,149,8,Infrastructure,Low,2,Senior,0,57.1,Standard,Real-time,Critical,Flexible,High,1,21,20.9,236,9,8.68,54.3,Critical,Standard,Modern,High,Human,8.23
1786,Low,7,1,Security,High,7,Senior,1,60.5,Minimal,Real-time,Low,Moderate,Low,0,0,0.0,0,0,0.0,0.0,Low,Poor,Current,High,Human,45.21
9279,Medium,133,7,Mobile,High,7,Mid,1,78.0,Standard,Real-time,Critical,Flexible,High,0,0,0.0,0,0,0.0,0.0,Low,Poor,Current,High,Human,29.34
2984,Low,35,1,Web,Low,2,Mid,0,72.7,Standard,High,Low,Tight,Medium,0,0,0.0,0,0,0.0,0.0,Low,Poor,Current,High,AI,59.06
25361,Medium,96,6,Infrastructure,Critical,10,Senior,0,90.0,Standard,Standard,Low,Flexible,High,1,11,39.8,21,3,12.79,8.0,Medium,Standard,Modern,High,Human,26.18
227228,High,176,8,Data,High,13,Mid,0,60.2,Standard,Standard,Medium,Moderate,Medium,1,7,61.7,143,0,5.69,14.0,Low,Poor,Dated,Medium,Hybrid,28.39
67078,High,133,8,Security,Low,4,Junior,1,68.1,Comprehensive,High,Low,Moderate,High,0,0,0.0,0,0,0.0,0.0,Low,Poor,Current,High,Human,41.75
10365,Medium,117,5,Infrastructure,Low,0,Senior,0,61.0,Minimal,Real-time,Low,Moderate,High,0,0,0.0,0,0,0.0,0.0,Low,Poor,Current,High,Hybrid,42.0
4710,Medium,79,3,Web,Critical,10,Senior,1,51.2,Comprehensive,Standard,Medium,Moderate,Low,0,0,0.0,0,0,0.0,0.0,Low,Poor,Current,High,Human,34.6
78246,Medium,49,10,Mobile,Low,6,Senior,0,33.8,Standard,High,Medium,Moderate,High,1,6,40.7,185,2,1.2,31.7,High,Good,Current,Medium,Hybrid,26.57
1181,Low,23,3,Web,Low,3,Mid,0,81.2,Standard,Standard,Medium,Moderate,Medium,0,0,0.0,0,0,0.0,0.0,Low,Poor,Current,High,AI,55.1
108523,High,141,8,Infrastructure,High,5,Senior,0,90.4,Standard,Real-time,Medium,Tight,Medium,0,0,0.0,0,0,0.0,0.0,Low,Poor,Current,High,Human,28.04
35070,Low,44,4,Web,High,5,Mid,0,54.9,Minimal,High,Medium,Moderate,Medium,1,4,85.0,64,0,2.97,0.7,Low,Good,Modern,Medium,Hybrid,47.57
149279,Medium,120,6,Data,Critical,8,Senior,1,41.9,Standard,Standard,Low,Tight,High,1,10,47.2,160,6,0.92,24.2,Medium,Minimal,Legacy,Low,Human,23.91
41399,Medium,93,4,Mobile,High,12,Mid,0,63.0,Standard,Real-time,High,Moderate,High,1,12,27.9,142,5,6.34,35.0,High,Good,Modern,Low,Human,26.24
196313,Medium,79,3,Data,High,8,Architect,1,46.7,Comprehensive,Real-time,Low,Moderate,High,1,21,5.0,136,4,1.54,42.5,Critical,Minimal,Legacy,Unfamiliar,Human,3.08
100491,High,169,11,Web,Medium,3,Mid,1,50.3,Standard,Standard,Medium,Moderate,Medium,0,0,0.0,0,0,0.0,0.0,Low,Poor,Current,High,Human,32.78
172628,High,187,11,Infrastructure,Low,3,Mid,0,74.8,Standard,Real-time,High,Flexible,High,1,13,66.2,79,3,0.73,24.4,Low,Poor,Legacy,Medium,Human,25.31
12937,Low,55,4,Data,Medium,3,Mid,1,33.7,Comprehensive,Real-time,Medium,Flexible,Medium,1,11,56.2,81,3,0.67,26.8,Medium,Minimal,Modern,High,Hybrid,35.47
94733,High,130,9,Infrastructure,High,8,Architect,0,90.0,Comprehensive,High,Medium,Tight,Medium,1,2,60.2,29,2,0.01,26.0,Low,Good,Current,Medium,Hybrid,20.94
30793,Low,56,4,Web,High,7,Architect,0,59.8,Minimal,Standard,Medium,Moderate,Low,1,14,76.1,197,7,0.89,17.7,Medium,Minimal,Modern,Medium,Hybrid,30.3
11974,Medium,71,5,Data,Medium,2,Mid,0,74.6,Standard,Standard,Medium,Flexible,Low,0,0,0.0,0,0,0.0,0.0,Low,Poor,Current,High,Hybrid,46.6
31819,High,144,5,Mobile,High,12,Mid,1,51.8,Standard,High,Medium,Moderate,Medium,0,0,0.0,0,0,0.0,0.0,Low,Poor,Current,High,Human,32.63
1277,Low,66,1,Data,Medium,6,Senior,0,27.3,Standard,Standard,Medium,Moderate,Low,0,0,0.0,0,0,0.0,0.0,Low,Poor,Current,High,AI,49.53
30085,Medium,86,2,Web,Medium,2,Architect,0,49.4,Minimal,Standard,Low,Tight,High,0,0,0.0,0,0,0.0,0.0,Low,Poor,Current,High,Hybrid,38.3
127212,High,190,7,Web,Medium,6,Senior,1,57.7,Standard,High,Medium,Tight,High,1,1,78.7,42,2,1.48,5.5,Low,Standard,Modern,Low,Hybrid,26.37
77055,Medium,146,9,Infrastructure,High,11,Senior,0,18.8,Minimal,Standard,High,Tight,High,1,16,38.7,220,5,19.6,31.8,High,Poor,Current,Low,Human,21.01
24686,Medium,79,7,Data,Low,5,Mid,0,58.1,Comprehensive,High,Critical,Tight,Low,1,5,56.1,32,6,0.84,6.5,Low,Poor,Modern,Medium,Human,43.27
2512,Low,14,2,Data,Low,3,Senior,1,64.6,Standard,Real-time,Critical,Flexible,Medium,0,0,0.0,0,0,0.0,0.0,Low,Poor,Current,High,Human,34.81
113844,Medium,128,6,Web,High,13,Mid,1,49.6,Standard,Real-time,Medium,Flexible,High,1,4,51.2,35,4,1.08,7.1,Low,Minimal,Current,High,Human,29.15
79127,High,168,10,Security,Low,2,Architect,1,35.2,Standard,Standard,High,Tight,Low,0,0,0.0,0,0,0.0,0.0,Low,Poor,Current,High,Human,24.36
33780,High,147,7,Security,High,7,Junior,1,78.2,Standard,Real-time,Low,Tight,Medium,0,0,0.0,0,0,0.0,0.0,Low,Poor,Current,High,Human,43.42
32130,Medium,103,5,Web,Low,4,Senior,0,90.0,Minimal,High,High,Moderate,Low,1,1,35.5,111,5,2.51,24.1,Medium,Poor,Current,Unfamiliar,Hybrid,28.43
169352,High,170,8,Security,Critical,17,Junior,0,75.0,Standard,Real-time,Medium,Tight,Low,1,11,47.4,106,8,1.93,42.2,High,Standard,Dated,Low,Human,29.65
51329,High,144,7,Data,Low,3,Junior,0,71.4,Comprehensive,Real-time,Critical,Tight,High,0,0,0.0,0,0,0.0,0.0,Low,Poor,Current,High,Human,39.98
62466,Medium,113,5,Web,High,17,Senior,0,50.3,Comprehensive,High,High,Moderate,High,1,7,56.0,54,6,0.23,14.5,Medium,Standard,Modern,High,Human,24.24
17124,Low,67,3,Infrastructure,High,14,Senior,1,78.9,Standard,Real-time,Medium,Moderate,Medium,1,11,71.6,101,4,2.42,12.0,Medium,Good,Modern,High,Human,29.76
11231,Medium,57,2,Web,High,4,Mid,1,48.4,Standard,High,Low,Moderate,Medium,0,0,0.0,0,0,0.0,0.0,Low,Poor,Current,High,Human,41.75
8822,Medium,132,6,Infrastructure,High,6,Senior,0,62.3,Minimal,High,Low,Moderate,High,0,0,0.0,0,0,0.0,0.0,Low,Poor,Current,High,Hybrid,40.77
27802,Medium,77,4,Data,Critical,16,Mid,1,62.6,Minimal,Standard,High,Tight,High,1,11,37.6,198,6,6.0,42.2,High,Standard,Current,Low,Human,26.74
203432,High,175,10,Security,Critical,13,Senior,1,38.7,Comprehensive,Standard,Medium,Tight,High,1,16,12.4,56,10,4.98,48.7,Critical,Standard,Legacy,Medium,Human,10.04
11460,Low,68,1,Web,Medium,4,Junior,0,15.1,Standard,High,High,Moderate,Medium,1,14,25.6,98,1,0.12,18.2,Medium,Good,Legacy,Low,Hybrid,47.24
22185,Low,67,1,Web,Critical,13,Mid,1,72.2,Standard,Standard,Medium,Tight,Medium,1,13,28.6,99,5,2.16,28.0,High,Minimal,Dated,High,Human,37.32
36687,Medium,132,8,Infrastructure,Critical,20,Mid,1,61.9,Minimal,Standard,Medium,Tight,High,1,3,60.0,16,0,3.91,23.5,Low,Minimal,Dated,Medium,Human,33.55
4558,Medium,88,4,Security,Low,1,Mid,0,67.1,Comprehensive,Standard,Low,Flexible,Medium,0,0,0.0,0,0,0.0,0.0,Low,Poor,Current,High,Hybrid,45.73
13068,Medium,60,3,Data,High,3,Mid,0,91.0,Minimal,High,Medium,Moderate,Low,0,0,0.0,0,0,0.0,0.0,Low,Poor,Current,High,Hybrid,46.76
2314,Low,52,1,Infrastructure,High,5,Architect,1,52.2,Standard,High,High,Flexible,Medium,0,0,0.0,0,0,0.0,0.0,Low,Poor,Current,High,Human,32.02
12561,Medium,101,4,Infrastructure,Medium,5,Mid,0,75.0,Standard,Standard,High,Moderate,High,0,0,0.0,0,0,0.0,0.0,Low,Poor,Current,High,Hybrid,46.6
10292,Medium,70,4,Web,Medium,6,Mid,0,77.6,Standard,Standard,High,Tight,Medium,0,0,0.0,0,0,0.0,0.0,Low,Poor,Current,High,Hybrid,48.52
223564,High,135,8,Security,High,7,Senior,1,63.0,Minimal,Real-time,High,Tight,High,1,4,63.0,79,4,2.77,25.8,Medium,Poor,Modern,Medium,Human,16.07
4949,Medium,126,3,Web,Medium,3,Junior,0,67.3,Minimal,Standard,Low,Tight,High,0,0,0.0,0,0,0.0,0.0,Low,Poor,Current,High,Hybrid,57.5
39349,High,165,10,Mobile,High,6,Mid,1,63.3,Standard,Real-time,Medium,Tight,High,0,0,0.0,0,0,0.0,0.0,Low,Poor,Current,High,Human,29.17
112285,High,147,9,Security,Medium,2,Mid,0,85.6,Standard,High,Medium,Moderate,Low,0,0,0.0,0,0,0.0,0.0,Low,Poor,Current,High,Human,38.72
154580,High,174,9,Data,Medium,10,Mid,0,73.5,Standard,Standard,Medium,Tight,Medium,1,17,30.2,83,6,6.3,55.9,Critical,Minimal,Dated,Medium,Human,22.46
1115,Low,43,1,Web,High,6,Senior,1,79.2,Standard,High,Medium,Moderate,Low,0,0,0.0,0,0,0.0,0.0,Low,Poor,Current,High,Human,41.92
14989,Low,31,1,Data,Critical,13,Architect,1,8.4,Minimal,High,Low,Tight,Medium,1,11,61.8,85,0,2.13,16.3,Low,Poor,Dated,High,Human,32.72
110175,Medium,156,5,Infrastructure,High,10,Senior,0,56.6,Standard,Standard,Medium,Tight,High,1,12,39.4,42,5,5.59,20.7,High,Standard,Modern,Unfamiliar,Human,25.07
20145,High,163,6,Infrastructure,Medium,5,Mid,0,43.6,Comprehensive,Real-time,Low,Moderate,Medium,0,0,0.0,0,0,0.0,0.0,Low,Poor,Current,High,Hybrid,34.38
43487,Medium,104,4,Infrastructure,Medium,8,Architect,0,48.6,Standard,Standard,Low,Tight,High,1,15,80.9,137,4,3.02,42.7,High,Minimal,Dated,High,Hybrid,24.22
8846,Medium,87,1,Data,Low,2,Mid,1,53.7,Standard,Standard,High,Flexible,Medium,0,0,0.0,0,0,0.0,0.0,Low,Poor,Current,High,Hybrid,43.61
206247,High,167,7,Data,Medium,13,Mid,1,54.5,Standard,Real-time,Critical,Flexible,Medium,1,13,5.0,109,7,3.6,30.8,High,Poor,Legacy,Medium,Human,13.03
32336,Medium,127,6,Web,Low,3,Architect,0,33.6,Standard,Standard,Critical,Tight,High,1,14,60.1,187,8,1.62,39.8,High,Standard,Dated,Medium,Human,22.73
73327,High,185,9,Mobile,Critical,8,Mid,0,65.6,Comprehensive,Real-time,Medium,Moderate,High,1,9,46.8,157,5,6.22,30.3,High,Standard,Modern,Medium,Human,21.08
47958,Medium,106,7,Data,High,12,Senior,0,23.0,Standard,High,Medium,Flexible,High,1,16,39.0,139,4,18.14,38.2,High,Poor,Modern,Medium,Human,14.17
166081,High,113,10,Web,High,14,Junior,1,43.5,Standard,High,Medium,Tight,High,1,11,82.7,33,3,1.34,8.8,Low,Poor,Legacy,High,Human,33.56
62719,Medium,79,4,Web,Low,3,Senior,0,23.7,Minimal,Real-time,Medium,Tight,Medium,1,18,40.3,101,6,0.74,38.0,Critical,Good,Dated,Medium,Human,28.9
369284,High,188,8,Security,Low,3,Senior,0,44.9,Minimal,Real-time,Low,Moderate,Medium,1,12,30.1,174,3,0.41,53.9,Critical,Minimal,Modern,High,Human,23.13
3451,Low,39,2,Data,Critical,8,Architect,1,62.3,Standard,High,Low,Moderate,Medium,0,0,0.0,0,0,0.0,0.0,Low,Poor,Current,High,Human,34.66
85816,Medium,88,5,Data,Critical,13,Senior,1,20.3,Standard,Real-time,High,Flexible,Medium,1,16,32.6,60,8,8.22,38.2,High,Standard,Legacy,Medium,Human,13.45
6693,Low,22,4,Data,High,8,Mid,1,42.9,Standard,High,High,Moderate,Low,1,20,26.0,170,9,7.06,60.0,Critical,Standard,Dated,Medium,Human,28.79
41975,Medium,120,6,Infrastructure,High,8,Mid,0,33.9,Minimal,Standard,High,Moderate,Medium,1,15,5.0,124,5,20.0,43.7,Critical,Standard,Current,Medium,Human,23.57
44245,Medium,155,6,Infrastructure,Low,2,Senior,0,57.5,Minimal,High,High,Tight,High,1,1,58.0,19,0,0.02,11.9,Low,Standard,Current,Medium,Hybrid,38.64
201459,High,137,11,Infrastructure,High,4,Architect,0,49.2,Comprehensive,High,High,Tight,High,1,11,57.1,196,6,9.19,18.0,High,Poor,Current,High,Human,8.56
126566,High,134,10,Data,High,11,Mid,1,31.5,Minimal,Standard,Critical,Tight,Medium,1,15,21.0,174,8,0.18,55.0,Critical,Poor,Modern,Medium,Human,21.12
64571,High,152,7,Infrastructure,Low,2,Mid,0,73.6,Comprehensive,Real-time,Medium,Tight,Low,0,0,0.0,0,0,0.0,0.0,Low,Poor,Current,High,Human,38.81
12462,Low,32,1,Infrastructure,High,5,Architect,0,54.2,Minimal,Standard,Medium,Moderate,High,1,8,76.9,44,3,5.88,0.0,Low,Minimal,Modern,Medium,Hybrid,33.86
2690,Low,29,2,Data,Critical,9,Junior,1,67.6,Standard,Standard,High,Moderate,Medium,0,0,0.0,0,0,0.0,0.0,Low,Poor,Current,High,Human,50.96
39698,Medium,123,7,Data,Critical,15,Senior,1,71.6,Standard,High,Medium,Flexible,Medium,1,9,37.6,301,9,13.82,44.3,High,Standard,Modern,High,Human,13.73
41906,Medium,107,6,Security,Medium,12,Senior,1,33.9,Comprehensive,High,High,Moderate,High,1,22,5.0,89,9,11.87,35.0,Critical,Standard,Dated,Medium,Human,14.82
11532,Low,67,6,Infrastructure,Medium,4,Senior,0,53.0,Minimal,High,Medium,Moderate,Low,1,1,66.4,47,0,1.59,13.6,Low,Standard,Current,High,AI,42.18
1715,Low,32,4,Web,Low,2,Junior,0,58.3,Minimal,High,High,Moderate,Medium,0,0,0.0,0,0,0.0,0.0,Low,Poor,Current,High,AI,60.58
1478,Low,7,3,Data,Low,0,Mid,1,46.6,Standard,Real-time,High,Tight,Medium,0,0,0.0,0,0,0.0,0.0,Low,Poor,Current,High,AI,48.63
60122,Medium,132,7,Web,Low,4,Mid,0,68.1,Standard,Standard,High,Moderate,Medium,1,20,14.8,52,6,10.22,35.9,Critical,Poor,Modern,Medium,Human,28.08
159289,Medium,76,5,Data,Low,4,Senior,1,59.6,Comprehensive,Real-time,Critical,Moderate,High,1,2,63.8,59,1,0.3,6.9,Low,Minimal,Modern,High,Human,26.43
5946,Medium,96,4,Infrastructure,Medium,6,Architect,0,76.5,Minimal,High,Medium,Tight,Low,0,0,0.0,0,0,0.0,0.0,Low,Poor,Current,High,Hybrid,35.75
8551,Medium,68,2,Web,Medium,0,Senior,0,31.4,Standard,Real-time,High,Moderate,Medium,0,0,0.0,0,0,0.0,0.0,Low,Poor,Current,High,Hybrid,36.98
10916,Medium,83,6,Security,Critical,8,Junior,1,59.7,Standard,Standard,Low,Moderate,Medium,0,0,0.0,0,0,0.0,0.0,Low,Poor,Current,High,Human,46.31
67868,Medium,81,6,Security,High,8,Mid,1,64.9,Standard,High,Medium,Tight,Medium,1,7,47.3,63,1,5.46,13.4,Low,Standard,Dated,Medium,Human,35.5
976,Low,14,1,Security,Critical,13,Senior,1,73.6,Standard,High,Low,Flexible,High,0,0,0.0,0,0,0.0,0.0,Low,Poor,Current,High,Human,34.78
179597,High,166,9,Security,Critical,12,Senior,0,40.6,Standard,High,Medium,Flexible,High,1,5,37.1,53,4,2.21,23.2,Medium,Poor,Modern,Medium,Human,13.74
35076,Medium,61,6,Infrastructure,Critical,16,Senior,0,23.2,Standard,High,Critical,Tight,High,1,18,21.4,112,8,20.0,41.6,Critical,Poor,Current,Medium,Human,13.59
90508,Medium,80,6,Data,Medium,4,Mid,1,65.8,Standard,Real-time,Medium,Tight,Medium,1,12,57.4,25,3,8.47,31.8,Medium,Poor,Dated,Low,Human,28.15
11084,Medium,69,2,Security,Medium,5,Mid,1,57.5,Standard,Standard,Medium,Tight,High,0,0,0.0,0,0,0.0,0.0,Low,Poor,Current,High,Hybrid,47.48
37198,Medium,86,8,Infrastructure,High,10,Junior,0,34.5,Standard,Real-time,Critical,Flexible,High,1,6,51.0,57,0,0.56,0.0,Low,Standard,Modern,Medium,Human,35.84
10323,Low,88,1,Web,Low,5,Senior,0,57.0,Standard,Real-time,Medium,Tight,Medium,1,10,70.9,129,4,0.92,33.3,Medium,Standard,Dated,Low,Hybrid,34.67
54192,Medium,142,6,Data,Medium,7,Mid,0,36.7,Comprehensive,Real-time,High,Tight,Low,1,18,35.0,187,4,1.13,56.6,Critical,Minimal,Legacy,High,Human,29.5
19698,High,158,5,Web,High,9,Senior,0,64.3,Standard,High,High,Tight,Low,0,0,0.0,0,0,0.0,0.0,Low,Poor,Current,High,Hybrid,34.4
7725,Medium,97,6,Web,High,7,Senior,0,45.1,Minimal,High,Low,Moderate,High,0,0,0.0,0,0,0.0,0.0,Low,Poor,Current,High,Hybrid,36.98
171464,High,140,8,Security,Medium,7,Junior,0,43.2,Standard,High,Medium,Moderate,High,1,11,67.5,107,3,0.4,10.2,Low,Standard,Modern,Unfamiliar,Hybrid,34.42
84690,Medium,150,5,Web,Medium,4,Senior,0,64.1,Standard,Real-time,High,Moderate,Medium,1,19,24.9,145,11,3.28,53.0,Critical,Standard,Legacy,Low,Human,15.99
73269,Medium,117,4,Infrastructure,High,10,Junior,0,34.9,Minimal,High,Medium,Tight,High,1,9,38.4,54,9,10.61,24.6,High,Standard,Current,Unfamiliar,Human,39.8
76458,High,200,10,Security,High,11,Senior,0,66.4,Minimal,Standard,Medium,Flexible,High,1,17,15.3,42,9,11.76,47.4,Critical,Good,Legacy,High,Human,11.61
52019,Medium,126,7,Web,High,5,Mid,0,49.8,Comprehensive,Real-time,Critical,Tight,High,1,8,65.5,120,0,1.82,14.6,Medium,Standard,Current,Medium,Human,31.6
44334,High,144,5,Infrastructure,Critical,5,Senior,0,73.7,Minimal,Standard,High,Flexible,Low,0,0,0.0,0,0,0.0,0.0,Low,Poor,Current,High,Human,28.32
94401,High,103,7,Web,Medium,4,Mid,0,57.4,Comprehensive,Real-time,Medium,Moderate,Medium,0,0,0.0,0,0,0.0,0.0,Low,Poor,Current,High,Human,33.43
62297,Medium,135,5,Data,High,6,Architect,1,57.8,Minimal,Standard,High,Moderate,Low,1,16,6.1,313,8,1.31,52.9,Critical,Minimal,Modern,Unfamiliar,Human,14.51
56786,High,140,7,Infrastructure,Low,3,Junior,0,80.1,Standard,Standard,Medium,Moderate,Medium,0,0,0.0,0,0,0.0,0.0,Low,Poor,Current,High,Hybrid,46.07
42412,Medium,71,7,Web,High,16,Senior,0,21.3,Standard,Real-time,Low,Moderate,High,1,22,56.3,265,7,13.41,41.5,High,Minimal,Dated,Unfamiliar,Human,14.94
4090,Low,57,2,Web,Critical,5,Senior,0,33.0,Standard,High,Medium,Moderate,Low,0,0,0.0,0,0,0.0,0.0,Low,Poor,Current,High,Human,42.82
17030,High,154,8,Data,High,6,Senior,0,68.3,Standard,Standard,High,Moderate,Medium,0,0,0.0,0,0,0.0,0.0,Low,Poor,Current,High,Human,29.64
8905,Medium,117,4,Web,Critical,9,Senior,0,70.3,Standard,Standard,Low,Moderate,Low,0,0,0.0,0,0,0.0,0.0,Low,Poor,Current,High,Human,37.33
12257,Low,71,1,Web,High,9,Mid,1,56.0,Minimal,High,Low,Flexible,High,1,19,59.1,82,4,9.71,29.1,High,Standard,Dated,High,Human,33.81
55316,Medium,81,5,Data,Critical,5,Senior,1,42.1,Minimal,High,Medium,Moderate,High,1,20,5.0,146,7,9.32,50.2,Critical,Minimal,Modern,High,Human,19.01
1558,Low,23,1,Data,Medium,4,Mid,0,50.8,Standard,Real-time,Medium,Tight,Low,0,0,0.0,0,0,0.0,0.0,Low,Poor,Current,High,AI,52.67
190890,High,193,8,Web,High,9,Mid,1,57.3,Minimal,Standard,Medium,Moderate,High,1,12,47.9,48,3,0.91,20.2,High,Standard,Modern,Medium,Human,25.83
2042,Low,27,1,Data,High,3,Architect,1,39.7,Standard,Standard,Low,Flexible,High,0,0,0.0,0,0,0.0,0.0,Low,Poor,Current,High,Human,37.59
19007,Medium,109,6,Infrastructure,Medium,3,Senior,0,40.1,Minimal,Standard,High,Tight,Medium,1,10,21.6,153,8,2.88,43.3,Critical,Minimal,Current,Medium,Human,27.97
199076,Medium,120,5,Infrastructure,Critical,12,Mid,0,45.7,Minimal,High,Medium,Moderate,Medium,1,12,43.8,94,7,20.0,42.8,High,Standard,Legacy,Low,Human,22.06
3408,Low,37,2,Infrastructure,Medium,4,Senior,0,53.4,Standard,Standard,Low,Flexible,Medium,0,0,0.0,0,0,0.0,0.0,Low,Poor,Current,High,AI,45.22
17430,Medium,86,3,Security,Critical,8,Senior,0,77.5,Minimal,High,High,Moderate,Low,0,0,0.0,0,0,0.0,0.0,Low,Poor,Current,High,Human,33.12
159741,High,178,13,Infrastructure,Medium,6,Senior,0,61.2,Minimal,High,Low,Flexible,Low,1,5,65.0,54,5,3.3,21.4,Medium,Standard,Current,Unfamiliar,Hybrid,21.0
17211,Low,62,4,Infrastructure,Medium,4,Mid,1,46.0,Standard,High,Medium,Tight,Low,1,4,69.2,60,4,0.71,11.9,Low,Minimal,Modern,Medium,Hybrid,47.05
25500,High,129,8,Data,Medium,4,Senior,0,88.3,Comprehensive,Standard,Low,Tight,High,0,0,0.0,0,0,0.0,0.0,Low,Poor,Current,High,Hybrid,34.86
41989,High,165,9,Web,Low,5,Junior,0,80.3,Standard,Standard,Medium,Moderate,Medium,0,0,0.0,0,0,0.0,0.0,Low,Poor,Current,High,Hybrid,47.01
40339,Medium,118,8,Mobile,High,6,Senior,1,67.1,Standard,Real-time,Low,Moderate,Medium,1,12,63.2,82,1,11.2,24.5,Medium,Poor,Dated,Unfamiliar,Human,18.49
47273,High,181,7,Web,Low,1,Mid,0,82.1,Minimal,High,Low,Moderate,Medium,0,0,0.0,0,0,0.0,0.0,Low,Poor,Current,High,Hybrid,40.3
152394,High,176,8,Security,Critical,13,Mid,1,34.5,Comprehensive,High,Medium,Tight,Medium,1,10,39.0,441,3,0.03,38.2,High,Minimal,Dated,High,Hybrid,21.55
208924,High,128,11,Data,High,11,Architect,1,69.3,Comprehensive,Standard,High,Flexible,High,1,1,50.9,64,5,0.72,0.7,Medium,Standard,Current,Medium,Human,8.25
1224,Low,38,2,Security,High,4,Senior,1,56.0,Comprehensive,Standard,Medium,Moderate,High,0,0,0.0,0,0,0.0,0.0,Low,Poor,Current,High,Human,37.05
2183,Low,55,1,Security,High,10,Senior,1,54.6,Standard,Standard,Medium,Flexible,Low,0,0,0.0,0,0,0.0,0.0,Low,Poor,Current,High,Human,39.75
14651,Medium,110,6,Web,Critical,7,Senior,0,73.2,Minimal,Standard,High,Moderate,Medium,0,0,0.0,0,0,0.0,0.0,Low,Poor,Current,High,Human,35.9
109895,High,148,7,Web,High,13,Mid,0,29.1,Minimal,Standard,Medium,Moderate,Medium,1,5,63.8,28,6,1.79,6.5,Low,Standard,Modern,Low,Hybrid,35.37
21281,High,162,12,Data,High,5,Junior,1,65.5,Standard,Standard,Medium,Moderate,High,0,0,0.0,0,0,0.0,0.0,Low,Poor,Current,High,Human,38.08
13878,Low,62,2,Web,Medium,11,Mid,0,30.1,Standard,Standard,High,Tight,High,1,12,45.4,285,7,12.52,36.5,High,Minimal,Modern,Medium,Hybrid,38.39
8183,Medium,108,7,Web,High,3,Junior,0,66.5,Comprehensive,Standard,Medium,Tight,Medium,0,0,0.0,0,0,0.0,0.0,Low,Poor,Current,High,AI,51.81
1090,Low,32,2,Data,High,6,Senior,1,39.9,Comprehensive,High,Medium,Tight,Medium,0,0,0.0,0,0,0.0,0.0,Low,Poor,Current,High,Human,40.98
355030,High,166,12,Data,Low,4,Mid,1,60.6,Minimal,Standard,Low,Flexible,High,1,1,77.5,114,3,0.16,0.0,Low,Poor,Modern,Medium,Hybrid,27.66
8012,Medium,82,4,Security,High,4,Senior,1,26.0,Standard,High,Critical,Flexible,High,0,0,0.0,0,0,0.0,0.0,Low,Poor,Current,High,Human,26.6
3955,Medium,119,5,Infrastructure,Medium,4,Mid,0,57.6,Standard,Standard,Medium,Moderate,Low,0,0,0.0,0,0,0.0,0.0,Low,Poor,Current,High,Hybrid,47.41
83145,Medium,126,2,Security,Medium,5,Architect,0,25.5,Standard,Standard,Medium,Moderate,High,1,17,43.4,79,6,9.56,43.8,Critical,Standard,Dated,High,Human,18.7
47849,High,155,10,Data,Low,1,Mid,0,73.6,Minimal,Real-time,Medium,Moderate,Medium,0,0,0.0,0,0,0.0,0.0,Low,Poor,Current,High,Hybrid,36.26
110882,Medium,111,5,Security,High,8,Senior,0,57.8,Standard,Real-time,Low,Tight,High,1,17,27.6,89,9,3.82,45.9,Critical,Minimal,Current,Medium,Human,23.66
9591,Medium,92,4,Web,Critical,2,Mid,1,50.8,Standard,High,Medium,Flexible,High,0,0,0.0,0,0,0.0,0.0,Low,Poor,Current,High,Human,35.72
175572,Medium,142,4,Data,Critical,12,Senior,1,33.3,Comprehensive,Real-time,Medium,Moderate,High,1,13,25.1,88,9,7.35,52.2,Critical,Poor,Current,Medium,Human,10.46
160339,High,175,6,Web,Low,4,Senior,0,45.4,Comprehensive,High,Critical,Moderate,Medium,1,15,9.7,178,3,4.21,19.4,High,Standard,Legacy,Medium,Human,14.21
46554,Medium,116,5,Data,Critical,12,Architect,1,20.8,Standard,Standard,Critical,Moderate,High,1,14,39.3,122,5,7.6,36.1,High,Good,Modern,Medium,Human,9.85
2798,Low,7,2,Infrastructure,High,6,Mid,0,48.3,Standard,Standard,High,Moderate,Medium,0,0,0.0,0,0,0.0,0.0,Low,Poor,Current,High,Human,48.39
95919,Medium,97,3,Infrastructure,High,11,Mid,1,22.8,Standard,High,High,Flexible,Medium,1,18,30.6,128,6,19.21,50.8,Critical,Good,Legacy,High,Hybrid,15.66
118741,High,180,10,Data,Medium,5,Senior,1,90.0,Minimal,Standard,Medium,Moderate,High,1,12,75.5,243,3,3.28,22.7,Medium,Poor,Dated,Medium,Hybrid,20.1
21017,High,142,10,Data,Medium,3,Senior,0,80.4,Standard,High,High,Tight,Medium,0,0,0.0,0,0,0.0,0.0,Low,Poor,Current,High,Hybrid,31.86
32567,High,156,7,Infrastructure,High,7,Junior,0,78.2,Standard,Standard,Low,Moderate,Medium,0,0,0.0,0,0,0.0,0.0,Low,Poor,Current,High,Hybrid,44.78
62018,High,192,7,Data,Medium,3,Senior,0,73.3,Minimal,High,Critical,Flexible,Low,0,0,0.0,0,0,0.0,0.0,Low,Poor,Current,High,Human,26.95
18321,Medium,96,6,Data,High,5,Architect,0,50.9,Comprehensive,Real-time,Medium,Flexible,Medium,0,0,0.0,0,0,0.0,0.0,Low,Poor,Current,High,Hybrid,22.16
2694,Low,29,1,Data,High,1,Mid,1,26.9,Standard,Standard,High,Tight,High,0,0,0.0,0,0,0.0,0.0,Low,Poor,Current,High,Human,49.6
84750,High,142,8,Data,Low,4,Senior,0,45.9,Standard,High,Medium,Flexible,Medium,1,1,61.6,41,1,6.24,16.6,Medium,Minimal,Current,Medium,Human,22.97
7657,Low,71,1,Web,Low,2,Senior,1,50.8,Comprehensive,Real-time,Medium,Tight,High,1,3,73.5,17,0,1.64,17.9,Low,Good,Dated,Medium,Hybrid,36.85
37298,Medium,103,3,Web,Medium,9,Senior,0,22.6,Comprehensive,Standard,High,Flexible,High,1,9,55.8,35,0,1.2,16.0,Low,Standard,Legacy,Medium,Human,26.1
57735,Medium,95,10,Web,High,11,Mid,1,43.5,Minimal,Real-time,High,Tight,High,1,9,69.7,82,4,6.34,17.0,Medium,Standard,Current,Medium,Human,27.99
262906,High,148,9,Data,Medium,5,Mid,1,59.4,Comprehensive,Standard,High,Flexible,Medium,1,12,33.0,30,6,20.0,32.2,High,Standard,Modern,High,Human,13.22
122869,High,191,8,Data,High,11,Senior,1,76.9,Standard,Real-time,Low,Moderate,Low,0,0,0.0,0,0,0.0,0.0,Low,Poor,Current,High,Human,25.23
78578,Medium,94,5,Data,Critical,12,Architect,1,47.6,Standard,High,High,Tight,High,1,8,27.3,80,8,1.49,34.2,High,Standard,Modern,High,Human,18.64
108355,Medium,91,6,Mobile,Critical,9,Mid,1,29.9,Standard,Standard,High,Tight,High,1,24,26.8,361,7,8.45,44.2,Critical,Poor,Legacy,Low,Human,18.19
81024,Medium,102,7,Infrastructure,High,10,Architect,0,46.3,Standard,High,Medium,Moderate,High,1,12,28.0,51,4,0.34,31.0,High,Good,Dated,Unfamiliar,Human,14.25
28235,High,145,10,Infrastructure,Low,1,Senior,0,75.4,Minimal,Real-time,Low,Flexible,Low,0,0,0.0,0,0,0.0,0.0,Low,Poor,Current,High,Hybrid,35.83
31349,Medium,111,8,Infrastructure,High,8,Architect,1,61.5,Standard,High,High,Flexible,Medium,1,16,25.5,165,6,2.9,37.4,High,Minimal,Legacy,Medium,Human,6.61
60153,Medium,144,4,Infrastructure,High,9,Architect,0,73.6,Standard,Real-time,Medium,Moderate,Low,1,6,78.7,89,4,2.25,34.6,Medium,Poor,Dated,Medium,Hybrid,17.18
25916,Medium,108,7,Mobile,Low,4,Architect,0,12.7,Minimal,Standard,Low,Tight,High,1,15,41.2,207,9,9.8,35.9,High,Poor,Modern,Medium,Hybrid,27.59
11069,Medium,80,5,Web,Medium,3,Mid,0,60.3,Minimal,High,Low,Flexible,Medium,0,0,0.0,0,0,0.0,0.0,Low,Poor,Current,High,Hybrid,44.66
12689,Medium,88,4,Security,High,9,Junior,1,86.7,Standard,High,Medium,Tight,Medium,0,0,0.0,0,0,0.0,0.0,Low,Poor,Current,High,Human,49.62
17257,Medium,78,4,Web,Medium,3,Mid,0,31.4,Minimal,Standard,High,Moderate,High,0,0,0.0,0,0,0.0,0.0,Low,Poor,Current,High,Hybrid,47.05
232331,High,161,10,Web,Medium,6,Junior,0,73.9,Minimal,High,Critical,Flexible,Medium,1,4,85.0,29,0,4.47,8.2,Low,Poor,Dated,Medium,Human,27.84
135080,Medium,72,6,Web,High,9,Architect,0,70.7,Standard,High,Medium,Flexible,Medium,1,12,63.9,64,5,12.24,27.2,Medium,Poor,Dated,Medium,Human,13.05
19627,Low,35,4,Web,Critical,16,Junior,0,9.8,Standard,Standard,Critical,Tight,Medium,1,4,57.9,27,1,0.69,6.3,Low,Good,Current,Medium,Human,52.62
13980,Medium,64,3,Data,Medium,3,Mid,0,58.7,Minimal,High,Medium,Flexible,Low,0,0,0.0,0,0,0.0,0.0,Low,Poor,Current,High,Hybrid,47.11
44499,High,164,7,Security,High,7,Mid,1,63.3,Minimal,Real-time,Critical,Flexible,Low,0,0,0.0,0,0,0.0,0.0,Low,Poor,Current,High,Human,30.93
117410,High,221,10,Infrastructure,Critical,11,Junior,0,12.2,Standard,Standard,Medium,Tight,High,1,11,76.0,125,2,2.07,24.5,Medium,Poor,Current,High,Human,38.46
89046,Medium,140,6,Mobile,High,6,Mid,1,32.6,Comprehensive,High,Medium,Tight,High,1,17,62.7,82,5,1.87,44.7,High,Minimal,Modern,High,Human,28.55
73236,Medium,39,5,Web,Medium,8,Architect,0,72.1,Standard,Standard,High,Tight,Low,1,10,59.6,152,3,2.62,10.6,Medium,Minimal,Modern,Medium,Hybrid,23.81
285408,High,153,9,Data,High,8,Junior,0,77.7,Standard,Standard,Medium,Tight,Medium,1,14,16.9,196,9,17.93,41.2,High,Poor,Legacy,Medium,Human,26.89
228428,High,166,7,Security,Medium,7,Architect,1,32.5,Minimal,Real-time,High,Moderate,Low,1,8,63.7,69,0,0.54,14.6,Medium,Minimal,Modern,High,Human,15.1
98528,High,155,8,Mobile,Critical,18,Senior,0,49.2,Minimal,Real-time,Medium,Moderate,Medium,1,6,37.4,59,1,1.73,20.4,Low,Minimal,Modern,High,Human,22.52
29346,Medium,111,8,Data,Low,1,Architect,1,49.9,Standard,Standard,High,Moderate,Low,1,1,37.1,87,0,1.28,0.0,Low,Minimal,Current,Medium,Hybrid,26.29
136241,High,232,6,Data,Medium,9,Junior,0,45.3,Standard,High,High,Tight,Medium,1,4,71.2,153,5,4.15,16.0,Medium,Minimal,Modern,Medium,Hybrid,36.09
151680,High,131,7,Infrastructure,High,13,Architect,0,79.8,Standard,Standard,Critical,Tight,Medium,1,14,41.7,118,5,0.55,42.6,High,Poor,Dated,Unfamiliar,Human,7.85
354824,High,153,7,Mobile,High,7,Senior,0,60.5,Minimal,High,Critical,Flexible,Medium,1,18,46.3,78,8,2.76,26.1,High,Minimal,Legacy,High,Human,12.86
50371,High,181,8,Data,High,6,Senior,1,50.4,Standard,High,Critical,Moderate,Low,0,0,0.0,0,0,0.0,0.0,Low,Poor,Current,High,Human,23.67
6005,Medium,66,4,Web,High,5,Mid,0,72.5,Standard,Standard,Critical,Tight,Medium,0,0,0.0,0,0,0.0,0.0,Low,Poor,Current,High,Human,42.39
41770,Low,71,3,Security,Low,4,Mid,1,27.5,Minimal,High,Medium,Tight,High,1,20,57.4,147,1,1.25,12.8,High,Poor,Legacy,Medium,Human,40.22
24146,Medium,98,4,Data,Medium,3,Senior,1,72.6,Standard,High,High,Moderate,Medium,0,0,0.0,0,0,0.0,0.0,Low,Poor,Current,High,Hybrid,30.88
2535,Low,7,1,Web,Medium,1,Senior,0,56.2,Minimal,Standard,Medium,Tight,High,0,0,0.0,0,0,0.0,0.0,Low,Poor,Current,High,AI,51.94
1591,Low,58,1,Security,Medium,3,Junior,0,66.7,Standard,Standard,Medium,Tight,Medium,0,0,0.0,0,0,0.0,0.0,Low,Poor,Current,High,AI,65.26
211044,High,135,7,Web,Medium,10,Senior,0,50.9,Standard,Real-time,Medium,Moderate,Medium,1,9,46.4,173,4,0.96,39.5,High,Poor,Modern,Low,Human,17.29
83032,Medium,76,7,Security,High,14,Junior,1,64.1,Standard,Standard,High,Tight,Medium,1,16,69.5,41,5,0.82,7.4,Medium,Minimal,Dated,Low,Human,38.16
44512,Medium,146,1,Infrastructure,Critical,15,Senior,1,51.2,Standard,High,Medium,Moderate,High,1,9,45.4,187,9,20.0,31.4,High,Minimal,Dated,Low,Human,12.67
17234,Medium,117,5,Web,High,4,Senior,0,64.1,Minimal,High,Medium,Tight,High,0,0,0.0,0,0,0.0,0.0,Low,Poor,Current,High,Hybrid,40.7
201819,High,129,8,Infrastructure,Medium,10,Mid,0,35.2,Standard,High,Medium,Moderate,Medium,1,12,68.5,64,3,3.39,29.6,Medium,Poor,Dated,Low,Human,25.73
15890,Medium,106,6,Security,Critical,12,Junior,1,57.1,Standard,Standard,High,Moderate,High,0,0,0.0,0,0,0.0,0.0,Low,Poor,Current,High,Human,44.64
94050,Medium,74,5,Mobile,Critical,11,Junior,1,59.0,Standard,Real-time,High,Tight,High,1,12,72.8,104,0,8.75,12.0,Medium,Minimal,Dated,High,Human,33.16
3660,Low,32,1,Infrastructure,High,7,Senior,1,28.4,Comprehensive,High,High,Tight,Medium,0,0,0.0,0,0,0.0,0.0,Low,Poor,Current,High,Human,40.46
62736,Medium,117,6,Infrastructure,High,10,Senior,0,21.3,Comprehensive,Standard,Medium,Tight,Medium,1,15,33.7,122,6,2.65,26.6,High,Poor,Legacy,Medium,Human,25.36
188404,High,143,8,Security,Medium,6,Senior,1,86.5,Standard,High,High,Moderate,High,1,15,76.2,58,1,2.98,12.8,Medium,Poor,Dated,High,Hybrid,16.64
9778,Medium,89,5,Web,High,7,Mid,1,66.8,Standard,High,High,Tight,Medium,0,0,0.0,0,0,0.0,0.0,Low,Poor,Current,High,Human,40.34
4472,Medium,95,4,Mobile,Medium,8,Mid,0,74.7,Standard,High,High,Tight,High,0,0,0.0,0,0,0.0,0.0,Low,Poor,Current,High,Hybrid,45.9
55905,Medium,127,5,Infrastructure,High,11,Senior,1,33.9,Comprehensive,High,Medium,Moderate,Medium,1,15,8.0,327,8,7.12,29.3,High,Minimal,Dated,Unfamiliar,Human,15.87
1071,Low,63,1,Web,High,7,Senior,0,63.3,Comprehensive,High,Critical,Moderate,High,0,0,0.0,0,0,0.0,0.0,Low,Poor,Current,High,Human,36.43
64880,Medium,118,5,Data,Medium,10,Senior,0,48.0,Standard,Standard,Medium,Moderate,Medium,1,19,53.5,144,5,1.35,27.2,High,Poor,Modern,Low,Human,29.03
19213,Medium,100,3,Data,Medium,2,Junior,0,54.9,Comprehensive,High,Medium,Tight,High,0,0,0.0,0,0,0.0,0.0,Low,Poor,Current,High,Hybrid,51.6
16421,Low,43,1,Infrastructure,High,8,Mid,0,45.9,Standard,High,Medium,Flexible,High,1,7,62.6,69,5,4.6,29.6,Medium,Standard,Modern,High,Hybrid,39.81
498791,High,134,6,Data,High,9,Senior,0,66.2,Standard,Real-time,Low,Moderate,High,1,10,76.2,62,2,6.9,15.0,Medium,Minimal,Current,Unfamiliar,Hybrid,16.25
139084,High,197,8,Data,Low,4,Senior,0,55.0,Minimal,Standard,High,Flexible,High,1,9,71.3,48,0,0.37,6.4,Low,Standard,Legacy,High,Human,28.11
1576,Low,7,1,Web,Low,1,Mid,0,45.2,Standard,Standard,Medium,Tight,Low,0,0,0.0,0,0,0.0,0.0,Low,Poor,Current,High,AI,59.59
43167,High,124,8,Security,Medium,3,Mid,0,53.3,Comprehensive,Real-time,High,Moderate,Medium,0,0,0.0,0,0,0.0,0.0,Low,Poor,Current,High,Hybrid,33.87
7461,Medium,105,4,Data,Medium,6,Mid,1,82.9,Minimal,High,Low,Moderate,High,0,0,0.0,0,0,0.0,0.0,Low,Poor,Current,High,Hybrid,44.51
45156,Medium,97,3,Infrastructure,Medium,10,Mid,0,70.5,Comprehensive,High,Low,Flexible,Medium,1,12,60.4,46,4,17.81,28.5,Medium,Poor,Modern,Medium,Hybrid,26.64
8252,Medium,74,6,Infrastructure,Medium,4,Junior,0,76.9,Standard,Standard,Medium,Flexible,Medium,0,0,0.0,0,0,0.0,0.0,Low,Poor,Current,High,Hybrid,49.41
7403,Medium,106,5,Web,High,5,Junior,0,70.1,Standard,High,Critical,Tight,Medium,0,0,0.0,0,0,0.0,0.0,Low,Poor,Current,High,Human,45.92
8552,Low,47,1,Mobile,Critical,11,Senior,1,52.9,Minimal,High,Medium,Flexible,Medium,1,6,54.1,38,2,0.38,7.7,Low,Poor,Legacy,Low,Human,29.47
305440,High,159,8,Data,Critical,16,Mid,0,46.1,Standard,Real-time,Critical,Tight,Medium,1,11,69.3,39,2,0.6,0.6,Low,Standard,Legacy,High,Human,26.99
69109,Medium,119,4,Data,Critical,18,Mid,1,49.8,Standard,Real-time,Medium,Flexible,Medium,1,19,23.6,36,6,1.72,38.7,Critical,Poor,Legacy,Low,Human,13.91
8342,Medium,42,4,Mobile,Critical,7,Senior,0,78.6,Standard,Standard,Medium,Moderate,Medium,0,0,0.0,0,0,0.0,0.0,Low,Poor,Current,High,Human,33.74
16765,Medium,89,5,Mobile,Medium,3,Mid,0,75.3,Standard,Standard,High,Flexible,Low,0,0,0.0,0,0,0.0,0.0,Low,Poor,Current,High,Hybrid,40.37
354113,High,171,9,Security,Low,0,Mid,1,68.0,Standard,Standard,High,Tight,High,1,3,66.5,132,3,3.96,30.2,Medium,Standard,Modern,High,Hybrid,29.12
43326,High,139,10,Web,Medium,4,Senior,0,87.1,Standard,High,High,Flexible,Medium,0,0,0.0,0,0,0.0,0.0,Low,Poor,Current,High,Hybrid,24.45
35632,High,133,6,Data,High,2,Senior,0,86.6,Standard,High,High,Tight,Medium,0,0,0.0,0,0,0.0,0.0,Low,Poor,Current,High,Human,27.98
9969,Medium,94,6,Data,Medium,7,Junior,1,40.6,Comprehensive,Standard,Medium,Flexible,High,0,0,0.0,0,0,0.0,0.0,Low,Poor,Current,High,Hybrid,41.39
134859,High,163,5,Data,Critical,13,Architect,1,54.4,Standard,Real-time,High,Tight,Medium,1,18,7.7,433,7,0.18,51.9,Critical,Good,Modern,Medium,Human,3.18
935,Low,34,2,Web,Low,3,Senior,0,37.9,Minimal,Standard,Medium,Flexible,Medium,0,0,0.0,0,0,0.0,0.0,Low,Poor,Current,High,AI,50.43
2799,Low,42,4,Web,Low,2,Junior,0,38.8,Standard,Standard,Low,Flexible,Low,0,0,0.0,0,0,0.0,0.0,Low,Poor,Current,High,AI,60.36
234008,High,136,3,Data,High,11,Architect,1,52.1,Standard,High,Critical,Flexible,Low,1,11,5.0,226,6,0.45,34.2,Critical,Poor,Modern,Unfamiliar,Human,2.0
49743,Medium,139,7,Data,Low,7,Mid,1,69.3,Minimal,Standard,High,Tight,High,1,5,64.9,43,0,2.69,14.3,Low,Standard,Modern,Medium,Hybrid,37.19
51331,Medium,61,3,Web,Medium,11,Mid,1,35.0,Comprehensive,Standard,High,Tight,High,1,11,79.9,34,3,3.6,15.5,Medium,Minimal,Dated,High,Hybrid,31.9
1655,Low,46,3,Data,Critical,7,Architect,1,48.1,Standard,High,High,Flexible,High,0,0,0.0,0,0,0.0,0.0,Low,Poor,Current,High,Human,28.45
18256,Medium,89,4,Infrastructure,High,7,Senior,1,71.1,Comprehensive,Standard,Critical,Tight,High,0,0,0.0,0,0,0.0,0.0,Low,Poor,Current,High,Human,29.96
7785,Medium,57,5,Data,Low,4,Mid,1,64.3,Comprehensive,High,Medium,Flexible,Medium,0,0,0.0,0,0,0.0,0.0,Low,Poor,Current,High,AI,37.28
34164,Medium,35,4,Data,High,8,Senior,1,64.0,Standard,High,High,Tight,High,1,7,53.1,105,3,0.18,22.0,Medium,Good,Modern,Medium,Human,26.79
3300,Low,53,1,Web,Low,1,Architect,0,69.0,Minimal,Standard,Low,Flexible,Medium,0,0,0.0,0,0,0.0,0.0,Low,Poor,Current,High,AI,43.7
167314,Medium,100,8,Data,Low,3,Architect,0,23.7,Comprehensive,Standard,Medium,Moderate,High,1,16,24.6,93,8,4.79,43.0,Critical,Poor,Modern,Medium,Hybrid,16.07
16190,High,158,8,Infrastructure,Critical,6,Mid,1,69.6,Standard,High,Low,Flexible,High,0,0,0.0,0,0,0.0,0.0,Low,Poor,Current,High,Human,27.6
13341,Medium,95,5,Infrastructure,Critical,7,Mid,1,67.5,Minimal,Real-time,Medium,Moderate,Medium,0,0,0.0,0,0,0.0,0.0,Low,Poor,Current,High,Human,40.37
7765,Medium,125,3,Data,Low,2,Senior,1,84.1,Comprehensive,High,Critical,Moderate,Medium,0,0,0.0,0,0,0.0,0.0,Low,Poor,Current,High,Human,30.89
3493,Low,13,1,Web,High,8,Senior,0,44.1,Standard,Real-time,High,Tight,Low,0,0,0.0,0,0,0.0,0.0,Low,Poor,Current,High,Hybrid,43.89
2192,Low,60,1,Data,Low,3,Mid,0,46.3,Minimal,High,Medium,Moderate,Medium,0,0,0.0,0,0,0.0,0.0,Low,Poor,Current,High,AI,57.03
31054,Medium,58,3,Web,Low,2,Senior,0,61.3,Standard,High,High,Flexible,High,0,0,0.0,0,0,0.0,0.0,Low,Poor,Current,High,Hybrid,34.54
151251,High,161,4,Web,Medium,9,Senior,0,41.3,Standard,Real-time,Medium,Moderate,High,1,1,69.3,49,2,0.42,16.7,Low,Standard,Modern,Medium,Hybrid,26.41
203499,High,191,10,Infrastructure,High,5,Senior,1,66.8,Standard,Real-time,High,Moderate,Low,1,18,21.7,321,7,0.71,44.1,Critical,Good,Current,Low,Human,11.78
122631,High,135,5,Security,Medium,1,Junior,1,70.9,Standard,Standard,Critical,Flexible,Medium,0,0,0.0,0,0,0.0,0.0,Low,Poor,Current,High,Human,39.55
36019,Low,69,6,Web,Medium,10,Senior,1,67.8,Standard,Standard,Medium,Flexible,Medium,1,6,66.8,22,5,1.74,5.8,Low,Poor,Modern,Low,Hybrid,32.66
47372,Medium,74,10,Data,Medium,3,Architect,1,77.7,Standard,Standard,Low,Flexible,High,1,7,70.5,66,0,0.16,11.9,Low,Minimal,Modern,Medium,Hybrid,19.91
14977,Medium,98,3,Infrastructure,Low,2,Senior,0,92.6,Minimal,High,Low,Tight,Low,0,0,0.0,0,0,0.0,0.0,Low,Poor,Current,High,Hybrid,46.43
6258,Low,35,3,Web,Low,3,Junior,1,34.3,Comprehensive,Standard,Medium,Moderate,Low,0,0,0.0,0,0,0.0,0.0,Low,Poor,Current,High,Hybrid,54.61
1657,Low,27,1,Data,Low,0,Junior,1,51.0,Standard,Standard,Medium,Tight,Low,0,0,0.0,0,0,0.0,0.0,Low,Poor,Current,High,AI,62.68
112099,Medium,128,7,Data,Critical,8,Junior,0,31.4,Minimal,High,Low,Flexible,Medium,1,12,40.9,125,2,4.66,32.5,Medium,Standard,Modern,Medium,Human,40.03
71129,Medium,121,11,Infrastructure,Medium,8,Senior,0,75.5,Standard,Real-time,Critical,Moderate,Medium,1,17,57.9,60,3,0.13,8.0,Medium,Minimal,Dated,Medium,Human,21.66
45829,High,189,8,Data,High,7,Mid,1,80.8,Minimal,High,Medium,Flexible,High,0,0,0.0,0,0,0.0,0.0,Low,Poor,Current,High,Human,31.71
16353,Medium,91,4,Web,Medium,6,Junior,0,51.4,Comprehensive,High,Low,Moderate,Medium,0,0,0.0,0,0,0.0,0.0,Low,Poor,Current,High,Hybrid,48.81
8674,Medium,122,6,Data,Medium,3,Senior,1,80.5,Standard,Real-time,Medium,Moderate,Medium,0,0,0.0,0,0,0.0,0.0,Low,Poor,Current,High,Hybrid,31.73
46109,High,141,7,Web,Medium,4,Mid,0,67.5,Comprehensive,Standard,Medium,Tight,Low,0,0,0.0,0,0,0.0,0.0,Low,Poor,Current,High,Hybrid,43.06
8132,Medium,127,4,Data,Low,1,Senior,0,84.1,Standard,High,High,Flexible,High,0,0,0.0,0,0,0.0,0.0,Low,Poor,Current,High,Hybrid,33.9
2176,Low,37,3,Security,Low,3,Junior,0,64.7,Standard,Real-time,High,Tight,Low,0,0,0.0,0,0,0.0,0.0,Low,Poor,Current,High,AI,60.21
57880,Medium,72,5,Infrastructure,Medium,7,Senior,0,34.4,Comprehensive,Real-time,High,Flexible,High,1,1,64.2,23,0,0.96,7.8,Low,Poor,Current,Medium,Hybrid,28.03
106168,Medium,112,4,Infrastructure,Medium,9,Architect,0,77.0,Comprehensive,Standard,High,Tight,Low,1,15,48.1,144,4,2.5,23.7,Medium,Minimal,Legacy,High,Human,22.96
111885,High,162,11,Web,Medium,7,Mid,1,69.1,Standard,Real-time,Low,Tight,Low,0,0,0.0,0,0,0.0,0.0,Low,Poor,Current,High,Human,34.96
31481,Medium,74,4,Data,High,6,Senior,1,61.4,Standard,Real-time,Medium,Tight,Medium,0,0,0.0,0,0,0.0,0.0,Low,Poor,Current,High,Human,32.22
2449,Low,20,1,Mobile,High,4,Mid,0,46.7,Comprehensive,Standard,Medium,Moderate,High,0,0,0.0,0,0,0.0,0.0,Low,Poor,Current,High,Hybrid,49.87
294648,High,183,4,Data,Low,6,Architect,1,63.6,Minimal,Standard,Medium,Flexible,Medium,1,14,30.7,102,6,14.47,21.6,High,Minimal,Legacy,High,Human,11.23
17516,Low,14,1,Web,High,5,Mid,0,40.6,Standard,High,High,Moderate,High,1,3,47.6,113,6,9.91,9.1,Medium,Minimal,Modern,Medium,Human,37.75
98459,High,173,9,Infrastructure,Critical,11,Senior,1,29.9,Minimal,Standard,Critical,Flexible,Medium,1,9,70.8,84,2,9.64,43.2,High,Poor,Current,Unfamiliar,Human,5.06
11238,Medium,101,4,Security,High,5,Senior,0,67.1,Comprehensive,Real-time,Medium,Moderate,Low,0,0,0.0,0,0,0.0,0.0,Low,Poor,Current,High,Hybrid,32.41
348824,High,124,10,Data,Medium,4,Architect,0,79.5,Minimal,Standard,High,Tight,High,1,13,5.0,134,6,8.08,34.7,Critical,Poor,Modern,High,Human,9.95
500000,High,141,6,Security,Critical,14,Junior,1,80.3,Standard,High,Medium,Moderate,Medium,1,1,65.7,54,0,3.42,8.6,Low,Poor,Current,High,Human,32.71
49970,High,160,7,Web,Low,0,Mid,0,98.0,Comprehensive,Real-time,Low,Moderate,Medium,0,0,0.0,0,0,0.0,0.0,Low,Poor,Current,High,Human,36.56
116690,High,134,6,Data,Medium,8,Architect,0,13.4,Standard,High,Low,Tight,Medium,1,12,54.7,166,9,3.26,48.8,Critical,Minimal,Current,Medium,Human,14.11
43028,High,169,9,Data,High,7,Mid,1,60.5,Comprehensive,Real-time,Medium,Moderate,High,0,0,0.0,0,0,0.0,0.0,Low,Poor,Current,High,Human,25.92
9465,Medium,76,4,Security,Medium,5,Junior,1,68.8,Minimal,High,Low,Tight,Medium,0,0,0.0,0,0,0.0,0.0,Low,Poor,Current,High,Hybrid,52.85
103625,High,188,8,Security,Low,2,Senior,1,98.0,Standard,Standard,Medium,Moderate,High,0,0,0.0,0,0,0.0,0.0,Low,Poor,Current,High,Human,25.1
19199,Medium,103,2,Security,Critical,9,Mid,1,64.3,Minimal,High,Medium,Moderate,High,0,0,0.0,0,0,0.0,0.0,Low,Poor,Current,High,Hybrid,39.9
4008,Medium,97,3,Web,Low,2,Mid,0,87.5,Comprehensive,Standard,Medium,Flexible,Medium,0,0,0.0,0,0,0.0,0.0,Low,Poor,Current,High,Hybrid,44.92
46568,Medium,87,6,Web,Low,4,Senior,0,43.3,Minimal,Real-time,Critical,Flexible,Medium,1,10,42.6,107,0,2.91,23.2,Medium,Minimal,Dated,Medium,Human,24.66
122520,High,166,10,Infrastructure,Low,10,Senior,0,28.0,Minimal,Real-time,Medium,Tight,High,1,16,73.2,49,6,0.11,24.7,High,Standard,Legacy,High,Human,22.71
12391,Medium,127,3,Data,High,6,Senior,1,56.6,Comprehensive,High,Medium,Moderate,Medium,0,0,0.0,0,0,0.0,0.0,Low,Poor,Current,High,Human,33.92
13388,Low,66,6,Security,High,12,Senior,0,24.6,Comprehensive,Real-time,Medium,Moderate,Low,1,8,37.2,72,4,4.11,26.6,Medium,Standard,Dated,High,Hybrid,32.21
68659,Medium,150,4,Infrastructure,High,9,Junior,1,35.4,Standard,High,Medium,Tight,High,1,6,47.7,32,6,3.08,15.7,Medium,Standard,Current,Low,Human,39.66
215871,High,160,10,Security,High,12,Senior,1,49.9,Minimal,High,Critical,Moderate,Low,1,5,85.0,115,5,0.95,35.1,Medium,Poor,Modern,High,Human,17.62
277481,High,195,10,Security,Medium,11,Senior,1,33.4,Standard,High,Critical,Moderate,Medium,1,9,5.0,500,7,2.17,37.1,High,Standard,Modern,Medium,Human,12.45
80813,Medium,142,6,Data,Medium,7,Mid,1,41.9,Standard,Standard,Critical,Tight,High,1,17,25.0,42,6,5.33,46.3,Critical,Standard,Current,Low,Human,24.66
620,Low,8,2,Data,Low,5,Mid,1,64.9,Minimal,High,Low,Moderate,Low,0,0,0.0,0,0,0.0,0.0,Low,Poor,Current,High,Hybrid,55.6
9798,Medium,51,4,Data,Low,2,Senior,1,73.7,Minimal,Real-time,Medium,Moderate,High,0,0,0.0,0,0,0.0,0.0,Low,Poor,Current,High,Hybrid,36.08
2910,Low,33,2,Data,Low,0,Junior,1,45.4,Standard,High,High,Moderate,High,0,0,0.0,0,0,0.0,0.0,Low,Poor,Current,High,Hybrid,57.18
12143,Medium,112,3,Infrastructure,High,5,Senior,1,80.6,Comprehensive,Standard,Medium,Moderate,High,0,0,0.0,0,0,0.0,0.0,Low,Poor,Current,High,Human,30.25
16905,Low,80,2,Security,Medium,10,Senior,1,44.9,Standard,High,Medium,Tight,High,1,6,70.3,61,3,10.69,20.5,Medium,Good,Dated,Medium,Hybrid,32.29
41428,Medium,112,5,Data,Critical,10,Architect,1,21.4,Comprehensive,High,Medium,Flexible,High,1,9,47.0,24,1,3.99,0.2,Low,Poor,Legacy,Medium,Human,12.88
20517,Low,29,3,Security,Critical,7,Mid,1,44.9,Minimal,High,High,Tight,High,1,14,39.1,70,4,2.76,35.7,High,Minimal,Dated,Medium,Human,33.85
13877,Low,78,5,Web,Critical,16,Senior,1,43.8,Standard,High,High,Moderate,Low,1,20,37.6,421,6,7.87,46.3,Critical,Minimal,Dated,Medium,Human,18.25
1969,Low,25,1,Data,Critical,7,Junior,1,62.6,Standard,High,Low,Moderate,High,0,0,0.0,0,0,0.0,0.0,Low,Poor,Current,High,Human,51.49
452689,High,170,5,Web,High,10,Mid,1,75.3,Minimal,Standard,Critical,Moderate,Medium,1,1,63.8,68,4,5.52,5.1,Low,Poor,Current,Low,Human,29.43
357457,High,116,7,Web,High,11,Senior,0,57.1,Standard,Standard,Medium,Tight,Medium,1,6,37.2,73,0,0.36,15.7,Low,Standard,Dated,Medium,Hybrid,28.19
79683,High,140,5,Data,Low,3,Junior,0,96.5,Standard,Real-time,High,Moderate,Medium,0,0,0.0,0,0,0.0,0.0,Low,Poor,Current,High,Human,40.48
170776,High,174,9,Data,Medium,5,Mid,1,82.1,Comprehensive,Standard,Medium,Moderate,Low,1,10,65.0,71,5,3.47,0.0,Medium,Poor,Dated,Medium,Hybrid,23.15
10268,Medium,119,3,Mobile,High,6,Senior,1,98.0,Standard,Standard,High,Tight,Low,0,0,0.0,0,0,0.0,0.0,Low,Poor,Current,High,Human,38.26
63005,High,165,6,Data,Low,2,Junior,1,64.0,Comprehensive,High,Medium,Flexible,Medium,0,0,0.0,0,0,0.0,0.0,Low,Poor,Current,High,Human,39.64
47698,High,114,5,Data,Low,1,Senior,0,58.5,Standard,High,Medium,Moderate,Medium,0,0,0.0,0,0,0.0,0.0,Low,Poor,Current,High,Hybrid,31.18
641,Low,43,1,Infrastructure,High,7,Mid,0,34.0,Standard,Standard,Medium,Flexible,Medium,0,0,0.0,0,0,0.0,0.0,Low,Poor,Current,High,Hybrid,51.52
91781,High,145,7,Security,High,7,Senior,0,58.3,Comprehensive,Standard,Medium,Moderate,Medium,0,0,0.0,0,0,0.0,0.0,Low,Poor,Current,High,Human,29.84
2800,Low,20,1,Mobile,Medium,5,Senior,0,75.0,Comprehensive,High,Medium,Moderate,Medium,0,0,0.0,0,0,0.0,0.0,Low,Poor,Current,High,AI,44.09
191569,High,172,9,Security,High,12,Senior,0,68.8,Standard,Standard,Low,Flexible,Low,1,19,44.6,81,6,16.51,49.2,Critical,Minimal,Legacy,Medium,Human,7.77
2272,Low,22,2,Security,Medium,6,Senior,0,53.0,Minimal,High,High,Moderate,Low,0,0,0.0,0,0,0.0,0.0,Low,Poor,Current,High,Hybrid,44.54
11504,Low,14,5,Mobile,High,15,Architect,1,74.2,Minimal,Standard,Critical,Tight,High,1,11,39.7,206,7,13.48,24.4,High,Minimal,Modern,Medium,Human,18.4
11118,Medium,97,6,Data,High,11,Mid,1,98.0,Comprehensive,Standard,High,Moderate,Medium,0,0,0.0,0,0,0.0,0.0,Low,Poor,Current,High,Hybrid,35.6
2902,Low,7,1,Web,High,4,Senior,0,65.8,Standard,Standard,Low,Tight,High,0,0,0.0,0,0,0.0,0.0,Low,Poor,Current,High,Hybrid,48.6
136836,High,209,7,Infrastructure,Medium,8,Mid,0,55.7,Comprehensive,Standard,High,Flexible,Medium,1,9,55.3,80,7,3.49,36.5,High,Standard,Modern,Unfamiliar,Human,19.48
19006,Low,24,4,Infrastructure,High,10,Mid,1,58.0,Minimal,Real-time,Medium,Moderate,High,1,4,58.3,56,5,0.37,10.9,Low,Minimal,Modern,High,Human,41.72
29316,Low,43,5,Infrastructure,High,6,Mid,0,31.3,Standard,High,High,Tight,High,1,13,45.3,89,2,7.29,37.1,High,Poor,Current,Medium,Human,37.0
157101,High,188,6,Web,Low,2,Senior,0,27.7,Minimal,Real-time,Critical,Flexible,High,1,3,85.0,21,1,0.18,11.7,Low,Standard,Modern,Medium,Human,26.38
79314,Medium,97,5,Mobile,Medium,11,Architect,1,60.0,Comprehensive,Real-time,Medium,Tight,High,1,21,16.9,194,7,1.4,46.9,Critical,Standard,Modern,Medium,Human,12.74
4911,Low,10,2,Web,Low,4,Mid,0,58.8,Comprehensive,Standard,High,Tight,Medium,0,0,0.0,0,0,0.0,0.0,Low,Poor,Current,High,AI,54.38
64520,Medium,83,7,Data,High,8,Mid,1,52.0,Standard,Real-time,Low,Moderate,Medium,1,9,55.1,33,0,1.81,12.1,Low,Standard,Legacy,Medium,Human,31.74
15615,Medium,130,6,Infrastructure,Low,3,Mid,0,47.8,Standard,Standard,Low,Moderate,Low,0,0,0.0,0,0,0.0,0.0,Low,Poor,Current,High,Hybrid,50.67
98694,Medium,91,6,Web,Low,5,Mid,1,53.4,Minimal,Standard,High,Tight,High,1,2,75.5,42,4,2.76,24.9,Medium,Minimal,Modern,High,Hybrid,38.06
2761,Low,71,2,Web,Medium,4,Junior,0,43.0,Comprehensive,Real-time,High,Moderate,Low,0,0,0.0,0,0,0.0,0.0,Low,Poor,Current,High,Hybrid,55.01
81841,Medium,50,4,Data,Critical,15,Senior,0,45.4,Minimal,Standard,High,Moderate,High,1,11,65.9,43,2,2.45,4.5,Low,Standard,Dated,Medium,Human,28.48
2799,Low,16,1,Web,High,5,Junior,1,24.3,Comprehensive,High,Medium,Tight,Low,0,0,0.0,0,0,0.0,0.0,Low,Poor,Current,High,Human,56.91
427776,High,156,10,Security,Medium,6,Senior,0,48.1,Standard,Standard,Medium,Tight,High,1,4,41.7,43,8,0.3,46.4,High,Standard,Modern,Medium,Human,23.01
11085,Medium,114,3,Data,Medium,4,Architect,1,63.0,Standard,High,Low,Moderate,High,0,0,0.0,0,0,0.0,0.0,Low,Poor,Current,High,Hybrid,28.01
88249,Medium,118,4,Data,Critical,16,Mid,1,53.1,Standard,High,High,Moderate,High,1,14,66.2,50,4,1.01,14.2,Medium,Poor,Modern,Medium,Hybrid,30.74
145158,High,158,9,Infrastructure,Critical,7,Senior,0,96.4,Minimal,High,High,Moderate,High,0,0,0.0,0,0,0.0,0.0,Low,Poor,Current,High,Human,23.74
15217,Low,51,3,Data,Critical,13,Mid,1,23.1,Standard,Standard,Critical,Tight,Low,1,16,41.5,202,7,4.94,42.9,Critical,Minimal,Modern,High,Human,31.2
13793,Medium,61,3,Mobile,Low,1,Mid,0,53.5,Standard,Real-time,High,Flexible,High,0,0,0.0,0,0,0.0,0.0,Low,Poor,Current,High,Hybrid,43.18
16641,Medium,85,6,Data,High,7,Junior,0,66.0,Standard,Real-time,High,Flexible,Medium,0,0,0.0,0,0,0.0,0.0,Low,Poor,Current,High,Human,42.98
2491,Low,40,2,Infrastructure,Medium,5,Junior,1,57.1,Comprehensive,Standard,High,Moderate,Medium,0,0,0.0,0,0,0.0,0.0,Low,Poor,Current,High,Hybrid,51.69
85561,Medium,98,6,Infrastructure,High,7,Mid,0,49.9,Standard,High,Medium,Tight,High,1,11,85.0,199,0,3.49,12.0,Low,Standard,Dated,Low,Hybrid,35.13
17048,Medium,116,4,Infrastructure,High,3,Mid,1,79.3,Standard,Standard,Critical,Flexible,High,0,0,0.0,0,0,0.0,0.0,Low,Poor,Current,High,Hybrid,36.18
48709,Medium,129,5,Data,High,9,Architect,1,22.1,Minimal,Standard,Medium,Flexible,High,1,9,53.8,79,3,5.17,24.8,High,Minimal,Modern,Medium,Human,16.13
51238,High,144,8,Data,Medium,7,Junior,0,80.0,Standard,High,Medium,Flexible,High,0,0,0.0,0,0,0.0,0.0,Low,Poor,Current,High,Hybrid,42.8
227878,Medium,83,2,Mobile,Low,1,Mid,0,27.0,Standard,Standard,High,Moderate,High,1,14,48.5,194,6,0.56,47.2,Critical,Standard,Dated,Medium,Human,30.81
125290,High,150,8,Data,Medium,4,Senior,0,43.7,Standard,Standard,High,Moderate,Medium,1,7,40.2,64,1,6.11,0.0,Low,Poor,Legacy,Medium,Human,21.7
1815,Low,37,1,Security,Low,1,Senior,0,51.3,Minimal,Real-time,Low,Moderate,Medium,0,0,0.0,0,0,0.0,0.0,Low,Poor,Current,High,AI,50.81
38703,Medium,111,3,Web,High,13,Junior,0,25.9,Comprehensive,High,High,Tight,Medium,1,9,34.1,224,1,10.37,20.0,Medium,Minimal,Modern,High,Human,41.49
13972,Low,57,3,Data,Critical,11,Mid,1,50.2,Standard,Real-time,High,Tight,High,1,16,40.1,31,6,3.74,19.8,High,Minimal,Dated,Unfamiliar,Human,27.89
45410,Medium,115,8,Web,Low,6,Senior,0,57.7,Standard,Real-time,Medium,Tight,High,1,1,81.0,53,0,0.9,18.5,Low,Standard,Current,Low,Hybrid,30.91
1436,Low,23,4,Security,High,10,Mid,1,25.4,Minimal,Standard,Low,Flexible,High,0,0,0.0,0,0,0.0,0.0,Low,Poor,Current,High,Human,47.02
51487,High,170,9,Security,High,7,Mid,1,61.2,Comprehensive,Real-time,High,Tight,High,0,0,0.0,0,0,0.0,0.0,Low,Poor,Current,High,Human,30.56
11324,Low,25,1,Infrastructure,Low,0,Senior,0,30.8,Standard,High,High,Moderate,Low,1,22,54.8,170,7,2.66,24.5,High,Minimal,Legacy,Medium,Human,35.01
2036,Low,7,2,Mobile,Medium,1,Senior,0,82.2,Minimal,Real-time,Medium,Tight,High,0,0,0.0,0,0,0.0,0.0,Low,Poor,Current,High,AI,49.08
270483,High,148,7,Mobile,High,9,Mid,0,60.1,Minimal,High,Low,Tight,Medium,1,12,26.4,303,5,7.17,30.9,High,Poor,Legacy,Medium,Human,23.37
124337,High,188,7,Web,High,7,Senior,1,69.8,Standard,Standard,Medium,Tight,High,1,21,13.4,95,9,6.23,42.3,Critical,Minimal,Dated,High,Human,13.44
10504,Low,54,1,Web,High,12,Senior,0,44.8,Comprehensive,Real-time,Medium,Flexible,Medium,1,10,81.2,31,0,12.89,4.5,Low,Good,Modern,Low,Human,27.2
38811,High,175,8,Security,Medium,8,Mid,0,73.5,Standard,High,Low,Moderate,High,0,0,0.0,0,0,0.0,0.0,Low,Poor,Current,High,Hybrid,37.67
11024,Low,38,5,Web,Low,6,Senior,0,49.7,Standard,High,Low,Flexible,High,1,14,38.7,56,3,6.25,34.3,High,Minimal,Current,Low,Human,29.25
12061,Medium,107,4,Web,High,7,Senior,0,64.5,Minimal,Real-time,Low,Flexible,Low,0,0,0.0,0,0,0.0,0.0,Low,Poor,Current,High,Hybrid,38.52
151617,Medium,88,5,Security,High,12,Mid,0,38.3,Standard,Real-time,High,Tight,High,1,23,36.1,131,9,1.03,40.4,Critical,Good,Dated,Medium,Human,26.01
15111,Medium,82,3,Infrastructure,High,4,Senior,0,57.3,Standard,High,Low,Moderate,Low,0,0,0.0,0,0,0.0,0.0,Low,Poor,Current,High,Hybrid,42.36
39072,High,188,8,Web,High,6,Junior,1,80.5,Comprehensive,Standard,Low,Moderate,Medium,0,0,0.0,0,0,0.0,0.0,Low,Poor,Current,High,Human,41.74
103750,Medium,75,4,Security,High,14,Senior,1,39.2,Minimal,Standard,High,Tight,Medium,1,10,58.7,145,1,7.11,38.7,High,Good,Modern,High,Human,23.45
282941,High,168,8,Infrastructure,Medium,9,Senior,0,68.5,Minimal,Real-time,Critical,Flexible,Medium,1,11,59.4,21,4,1.42,0.0,Low,Minimal,Legacy,Medium,Human,17.34
86084,Medium,102,6,Web,High,5,Architect,0,25.2,Standard,Real-time,Critical,Tight,High,1,11,45.4,124,4,3.21,27.9,Medium,Standard,Legacy,Medium,Human,16.32
372672,High,165,9,Mobile,Critical,15,Mid,0,55.7,Comprehensive,Standard,Critical,Moderate,High,1,22,28.2,132,12,3.84,50.3,Critical,Standard,Legacy,Medium,Human,12.05
77418,High,147,10,Web,Low,2,Senior,0,65.2,Standard,Real-time,Critical,Moderate,High,1,9,67.8,83,5,0.67,23.7,Medium,Poor,Current,High,Human,19.91
29603,Medium,99,9,Web,High,13,Architect,0,70.4,Standard,High,Low,Tight,Low,1,16,34.3,57,2,1.9,35.7,High,Poor,Legacy,Medium,Hybrid,16.93
500000,High,141,8,Infrastructure,Critical,13,Senior,1,70.5,Standard,Standard,Low,Flexible,Medium,1,18,11.6,182,9,10.74,58.8,Critical,Standard,Modern,High,Human,6.56
